-- --------------------------------------------------------
-- Host:                         127.0.0.1
-- Server version:               10.1.13-MariaDB - mariadb.org binary distribution
-- Server OS:                    Win32
-- HeidiSQL Version:             9.3.0.4984
-- --------------------------------------------------------

/*!40101 SET @OLD_CHARACTER_SET_CLIENT=@@CHARACTER_SET_CLIENT */;
/*!40101 SET NAMES utf8mb4 */;
/*!40014 SET @OLD_FOREIGN_KEY_CHECKS=@@FOREIGN_KEY_CHECKS, FOREIGN_KEY_CHECKS=0 */;
/*!40101 SET @OLD_SQL_MODE=@@SQL_MODE, SQL_MODE='NO_AUTO_VALUE_ON_ZERO' */;

-- Dumping structure for table exile.account
CREATE TABLE IF NOT EXISTS `account` (
  `uid` varchar(32) NOT NULL,
  `clan_id` int(11) unsigned DEFAULT NULL,
  `name` varchar(64) NOT NULL,
  `score` int(11) NOT NULL DEFAULT '0',
  `kills` int(11) unsigned NOT NULL DEFAULT '0',
  `deaths` int(11) unsigned NOT NULL DEFAULT '0',
  `locker` int(11) NOT NULL DEFAULT '10000',
  `first_connect_at` datetime NOT NULL DEFAULT CURRENT_TIMESTAMP,
  `last_connect_at` datetime NOT NULL DEFAULT CURRENT_TIMESTAMP,
  `last_disconnect_at` datetime DEFAULT NULL,
  `total_connections` int(11) unsigned NOT NULL DEFAULT '1',
  `whitelisted` int(1) unsigned NOT NULL DEFAULT '0',
  PRIMARY KEY (`uid`),
  KEY `clan_id` (`clan_id`),
  CONSTRAINT `account_ibfk_1` FOREIGN KEY (`clan_id`) REFERENCES `clan` (`id`) ON DELETE SET NULL
) ENGINE=InnoDB DEFAULT CHARSET=utf8;

-- Dumping data for table exile.account: ~19 rows (approximately)
/*!40000 ALTER TABLE `account` DISABLE KEYS */;
INSERT INTO `account` (`uid`, `clan_id`, `name`, `score`, `kills`, `deaths`, `locker`, `first_connect_at`, `last_connect_at`, `last_disconnect_at`, `total_connections`, `whitelisted`) VALUES
	('76561197973720370', NULL, 'MrWhite', 0, 0, 0, 10000, '2016-07-24 14:04:19', '2016-07-29 15:54:16', '2016-07-29 15:55:02', 2, 0),
	('76561197994930572', NULL, 'TEAMsl1xx', 0, 0, 0, 10000, '2016-07-31 11:42:03', '2016-07-31 11:42:03', NULL, 1, 0),
	('76561198011471415', NULL, 'aircode', 0, 0, 0, 10000, '2016-07-21 13:19:29', '2016-07-21 13:19:29', '2016-07-21 13:21:24', 1, 0),
	('76561198045613562', NULL, 'Maurice Moss', 28, 0, 0, 5060, '2016-07-17 17:06:43', '2016-07-17 21:15:28', '2016-07-17 22:07:44', 12, 0),
	('76561198065152179', NULL, '胡扯', 0, 0, 0, 10000, '2016-07-24 15:13:28', '2016-07-24 15:13:28', '2016-07-24 15:15:02', 1, 0),
	('76561198073151610', NULL, 'Lifeman', 100011, 0, 0, 1000, '2016-07-17 17:08:20', '2016-07-18 01:35:46', '2016-07-18 01:42:41', 13, 0),
	('76561198079614468', NULL, 'Almighty-Norris', 100092, 0, 0, 45000, '2016-07-17 17:56:44', '2016-07-17 21:33:38', '2016-07-18 00:23:12', 10, 0),
	('76561198087703376', NULL, 'Franz Einsteiger', 146, 0, 0, 8000, '2016-07-29 17:04:58', '2016-07-31 10:54:57', '2016-07-31 10:43:49', 3, 0),
	('76561198088912801', NULL, 'Akille', 14, 0, 0, 10000, '2016-07-23 09:33:23', '2016-07-23 09:33:23', '2016-07-23 09:52:02', 1, 0),
	('76561198089927114', NULL, '[SBD] BOXBOX', 0, 0, 0, 10000, '2016-07-22 07:03:49', '2016-07-22 07:03:49', '2016-07-22 07:13:54', 1, 0),
	('76561198092078240', NULL, 'Army', 0, 0, 0, 10000, '2016-07-22 21:18:54', '2016-07-22 21:18:54', '2016-07-22 21:40:38', 1, 0),
	('76561198111022856', NULL, 'BlackDemon', 0, 0, 0, 10000, '2016-07-24 14:35:04', '2016-07-24 14:35:04', '2016-07-24 14:44:45', 1, 0),
	('76561198122113894', NULL, 'Deedee', 0, 0, 4, 10000, '2016-07-21 10:35:10', '2016-07-21 11:29:10', '2016-07-21 11:30:24', 4, 0),
	('76561198124859373', NULL, 'Caine', 0, 0, 0, 10000, '2016-07-20 08:14:10', '2016-07-20 08:14:10', '2016-07-20 08:51:42', 1, 0),
	('76561198125788747', NULL, '[CPL] L. Cording [117]', 90437, 0, 5, 900, '2016-07-17 17:55:08', '2016-07-18 20:34:19', '2016-07-18 20:43:43', 12, 0),
	('76561198126390308', NULL, 'Ice', 108, 0, 0, 5000, '2016-07-22 21:01:41', '2016-07-24 20:55:44', '2016-07-24 20:58:40', 2, 0),
	('76561198128088379', NULL, 'john', 0, 0, 0, 10000, '2016-07-18 16:13:52', '2016-07-18 16:18:05', '2016-07-18 16:22:14', 2, 0),
	('76561198168017360', NULL, 'mmar1', 266, 0, 3, 0, '2016-07-21 12:56:22', '2016-07-28 19:52:43', '2016-07-28 19:53:38', 9, 0),
	('DMS_PersistentVehicle', NULL, 'DMS_PersistentVehicle', 0, 0, 0, 10000, '2016-07-18 00:28:33', '2016-07-18 00:28:33', NULL, 1, 0);
/*!40000 ALTER TABLE `account` ENABLE KEYS */;


-- Dumping structure for table exile.clan
CREATE TABLE IF NOT EXISTS `clan` (
  `id` int(11) unsigned NOT NULL AUTO_INCREMENT,
  `name` varchar(64) NOT NULL,
  `leader_uid` varchar(32) NOT NULL,
  `created_at` datetime NOT NULL DEFAULT CURRENT_TIMESTAMP,
  PRIMARY KEY (`id`),
  KEY `leader_uid` (`leader_uid`),
  CONSTRAINT `clan_ibfk_1` FOREIGN KEY (`leader_uid`) REFERENCES `account` (`uid`) ON DELETE CASCADE
) ENGINE=InnoDB DEFAULT CHARSET=utf8;

-- Dumping data for table exile.clan: ~0 rows (approximately)
/*!40000 ALTER TABLE `clan` DISABLE KEYS */;
/*!40000 ALTER TABLE `clan` ENABLE KEYS */;


-- Dumping structure for table exile.clan_map_marker
CREATE TABLE IF NOT EXISTS `clan_map_marker` (
  `id` int(11) unsigned NOT NULL AUTO_INCREMENT,
  `clan_id` int(11) unsigned NOT NULL,
  `markerType` tinyint(4) NOT NULL DEFAULT '-1',
  `positionArr` text NOT NULL,
  `color` varchar(255) NOT NULL,
  `icon` varchar(255) NOT NULL,
  `iconSize` float unsigned NOT NULL,
  `label` varchar(255) NOT NULL,
  `labelSize` float unsigned NOT NULL,
  PRIMARY KEY (`id`),
  KEY `clan_id` (`clan_id`),
  CONSTRAINT `clan_map_marker_ibfk_1` FOREIGN KEY (`clan_id`) REFERENCES `clan` (`id`) ON DELETE CASCADE
) ENGINE=InnoDB DEFAULT CHARSET=utf8;

-- Dumping data for table exile.clan_map_marker: ~0 rows (approximately)
/*!40000 ALTER TABLE `clan_map_marker` DISABLE KEYS */;
/*!40000 ALTER TABLE `clan_map_marker` ENABLE KEYS */;


-- Dumping structure for table exile.construction
CREATE TABLE IF NOT EXISTS `construction` (
  `id` int(11) unsigned NOT NULL AUTO_INCREMENT,
  `class` varchar(64) NOT NULL,
  `account_uid` varchar(32) NOT NULL,
  `spawned_at` datetime NOT NULL DEFAULT CURRENT_TIMESTAMP,
  `position_x` double NOT NULL DEFAULT '0',
  `position_y` double NOT NULL DEFAULT '0',
  `position_z` double NOT NULL DEFAULT '0',
  `direction_x` double NOT NULL DEFAULT '0',
  `direction_y` double NOT NULL DEFAULT '0',
  `direction_z` double NOT NULL DEFAULT '0',
  `up_x` double NOT NULL DEFAULT '0',
  `up_y` double NOT NULL DEFAULT '0',
  `up_z` double NOT NULL DEFAULT '0',
  `is_locked` tinyint(1) NOT NULL DEFAULT '0',
  `pin_code` varchar(6) NOT NULL DEFAULT '000000',
  `damage` tinyint(1) unsigned DEFAULT '0',
  `territory_id` int(11) unsigned DEFAULT NULL,
  `last_updated_at` datetime NOT NULL DEFAULT CURRENT_TIMESTAMP ON UPDATE CURRENT_TIMESTAMP,
  `deleted_at` datetime DEFAULT NULL,
  PRIMARY KEY (`id`),
  KEY `account_uid` (`account_uid`),
  KEY `territory_id` (`territory_id`),
  CONSTRAINT `construction_ibfk_1` FOREIGN KEY (`account_uid`) REFERENCES `account` (`uid`) ON DELETE CASCADE,
  CONSTRAINT `construction_ibfk_2` FOREIGN KEY (`territory_id`) REFERENCES `territory` (`id`) ON DELETE CASCADE
) ENGINE=InnoDB AUTO_INCREMENT=283 DEFAULT CHARSET=utf8;

-- Dumping data for table exile.construction: ~240 rows (approximately)
/*!40000 ALTER TABLE `construction` DISABLE KEYS */;
INSERT INTO `construction` (`id`, `class`, `account_uid`, `spawned_at`, `position_x`, `position_y`, `position_z`, `direction_x`, `direction_y`, `direction_z`, `up_x`, `up_y`, `up_z`, `is_locked`, `pin_code`, `damage`, `territory_id`, `last_updated_at`, `deleted_at`) VALUES
	(2, 'Exile_Construction_WoodFloor_Static', '76561198073151610', '2016-07-17 19:36:57', 8353.325195, 11297.109375, 0.860504, 0.978226, 0.207543, 0, 0, 0, 1, 0, '000000', 0, 2, '2016-07-31 03:13:06', '2016-07-31 03:13:06'),
	(3, 'Exile_Construction_WoodFloor_Static', '76561198073151610', '2016-07-17 19:37:23', 8359.194336, 11298.355469, 1.0640106, 0.97821, 0.207616, 0, 0, 0, 1, 0, '000000', 0, 2, '2016-07-31 03:13:06', '2016-07-31 03:13:06'),
	(4, 'Exile_Construction_WoodFloor_Static', '76561198073151610', '2016-07-17 19:37:35', 8354.571289, 11291.240234, 2.916519, 0.97821, 0.207616, 0, 0, 0, 1, 0, '000000', 0, 2, '2016-07-31 03:13:06', '2016-07-31 03:13:06'),
	(5, 'Exile_Construction_WoodFloor_Static', '76561198073151610', '2016-07-17 19:37:45', 8360.44043, 11292.486328, 3.686676, 0.97821, 0.207616, 0, 0, 0, 1, 0, '000000', 0, 2, '2016-07-31 03:13:06', '2016-07-31 03:13:06'),
	(6, 'Exile_Construction_WoodFloor_Static', '76561198073151610', '2016-07-17 19:39:10', 8366.30957, 11293.732422, 4.219116, 0.97821, 0.207616, 0, 0, 0, 1, 0, '000000', 0, 2, '2016-07-31 03:13:06', '2016-07-31 03:13:06'),
	(7, 'Exile_Construction_WoodFloor_Static', '76561198073151610', '2016-07-17 19:39:19', 8365.0634766, 11299.601563, 1.398804, 0.97821, 0.207616, 0, 0, 0, 1, 0, '000000', 0, 2, '2016-07-31 03:13:06', '2016-07-31 03:13:06'),
	(8, 'Exile_Construction_WoodFloor_Static', '76561198073151610', '2016-07-17 19:40:12', 8347.456055, 11295.863281, 1.0597687, 0.97821, 0.207616, 0, 0, 0, 1, 0, '000000', 0, 2, '2016-07-31 03:13:06', '2016-07-31 03:13:06'),
	(10, 'Exile_Construction_WoodFloor_Static', '76561198073151610', '2016-07-17 19:58:47', 8349.948242, 11284.125, 6.254532, 0.97821, 0.207616, 0, 0, 0, 1, 0, '000000', 0, 2, '2016-07-31 03:13:06', '2016-07-31 03:13:06'),
	(11, 'Exile_Construction_WoodFloor_Static', '76561198073151610', '2016-07-17 19:58:57', 8355.817383, 11285.371094, 5.951309, 0.97821, 0.207616, 0, 0, 0, 1, 0, '000000', 0, 2, '2016-07-31 03:13:06', '2016-07-31 03:13:06'),
	(12, 'Exile_Construction_WoodFloor_Static', '76561198073151610', '2016-07-17 20:00:11', 8361.686523, 11286.617188, 6.311096, 0.97821, 0.207616, 0, 0, 0, 1, 0, '000000', 0, 2, '2016-07-31 03:13:06', '2016-07-31 03:13:06'),
	(13, 'Exile_Construction_WoodFloor_Static', '76561198073151610', '2016-07-17 20:00:20', 8367.555664, 11287.863281, 6.712494, 0.97821, 0.207616, 0, 0, 0, 1, 0, '000000', 0, 2, '2016-07-31 03:13:06', '2016-07-31 03:13:06'),
	(14, 'Exile_Construction_WoodFloor_Static', '76561198073151610', '2016-07-17 20:00:46', 8341.586914, 11294.617188, 2.55484, 0.97821, 0.207616, 0, 0, 0, 1, 0, '000000', 0, 2, '2016-07-31 03:13:06', '2016-07-31 03:13:06'),
	(15, 'Exile_Construction_WoodFloor_Static', '76561198073151610', '2016-07-17 20:00:58', 8342.833008, 11288.748047, 4.575775, 0.97821, 0.207616, 0, 0, 0, 1, 0, '000000', 0, 2, '2016-07-31 03:13:06', '2016-07-31 03:13:06'),
	(16, 'Exile_Construction_WoodFloor_Static', '76561198073151610', '2016-07-17 20:02:10', 8344.0791016, 11282.878906, 7.302048, 0.97821, 0.207616, 0, 0, 0, 1, 0, '000000', 0, 2, '2016-07-31 03:13:06', '2016-07-31 03:13:06'),
	(17, 'Exile_Construction_WoodWall_Static', '76561198073151610', '2016-07-17 20:03:38', 8367.861328, 11300.204102, -1.245117, -0.977697, -0.210018, 0, 0, 0, 1, 0, '000000', 0, 2, '2016-07-31 03:13:06', '2016-07-31 03:13:06'),
	(19, 'Exile_Construction_WoodGate_Static', '76561198073151610', '2016-07-17 20:06:40', 8369.0175781, 11294.5625, 1.407028, 0.977856, 0.209281, 0, 0, 0, 1, -1, '1998', 0, 2, '2016-07-31 03:13:06', '2016-07-31 03:13:06'),
	(20, 'Exile_Construction_WoodGate_Static', '76561198073151610', '2016-07-17 20:09:07', 8369.000976563, 11294.553711, -1.336273, 0.977312, 0.211804, 0, 0, 0, 1, -1, '1998', 0, 2, '2016-07-31 03:13:06', '2016-07-31 03:13:06'),
	(21, 'Exile_Construction_WoodWall_Static', '76561198073151610', '2016-07-17 20:11:18', 8370.305664, 11288.777344, 3.870178, -0.976289, -0.21647, 0, 0, 0, 1, 0, '000000', 0, 2, '2016-07-31 03:13:06', '2016-07-31 03:13:06'),
	(22, 'Exile_Construction_WoodWall_Static', '76561198073151610', '2016-07-17 20:12:25', 8370.279297, 11288.779297, 0.881409, -0.97506, -0.221942, 0, 0, 0, 1, 0, '000000', 0, 2, '2016-07-31 03:13:06', '2016-07-31 03:13:06'),
	(23, 'Exile_Construction_WoodWall_Static', '76561198073151610', '2016-07-17 20:13:12', 8370.277344, 11288.77832, -1.709488, 0.972613, 0.232431, 0, 0, 0, 1, 0, '000000', 0, 2, '2016-07-31 03:13:06', '2016-07-31 03:13:06'),
	(24, 'Exile_Construction_WoodWall_Static', '76561198073151610', '2016-07-17 20:15:14', 8368.137695, 11285.0908203, 4.97554, 0.21031, -0.977635, 0, 0, 0, 1, 0, '000000', 0, 2, '2016-07-31 03:13:06', '2016-07-31 03:13:06'),
	(25, 'Exile_Construction_WoodWall_Static', '76561198073151610', '2016-07-17 20:17:46', 8362.323242, 11283.81543, 4.837936, 0.213763, -0.976886, 0, 0, 0, 1, 0, '000000', 0, 2, '2016-07-31 03:13:06', '2016-07-31 03:13:06'),
	(26, 'Exile_Construction_WoodWall_Static', '76561198073151610', '2016-07-17 20:18:21', 8356.439453, 11282.550781, 4.682083, 0.205981, -0.978556, 0, 0, 0, 1, 0, '000000', 0, 2, '2016-07-31 03:13:06', '2016-07-31 03:13:06'),
	(27, 'Exile_Construction_WoodWall_Static', '76561198073151610', '2016-07-17 20:18:37', 8350.610352, 11281.31543, 5.0280151, 0.205557, -0.978645, 0, 0, 0, 1, 0, '000000', 0, 2, '2016-07-31 03:13:06', '2016-07-31 03:13:06'),
	(28, 'Exile_Construction_WoodWall_Static', '76561198073151610', '2016-07-17 20:19:04', 8344.822266, 11280.103516, 6.181458, 0.204748, -0.978815, 0, 0, 0, 1, 0, '000000', 0, 2, '2016-07-31 03:13:06', '2016-07-31 03:13:06'),
	(29, 'Exile_Construction_WoodWall_Static', '76561198073151610', '2016-07-17 20:19:46', 8341.243164, 11282.270508, 5.502518, -0.978396, -0.20674, 0, 0, 0, 1, 0, '000000', 0, 2, '2016-07-31 03:13:06', '2016-07-31 03:13:06'),
	(31, 'Exile_Construction_WoodStairs_Static', '76561198073151610', '2016-07-17 20:23:46', 8349.629883, 11291.736328, -0.664825, 0.197279, -0.980347, 0, 0, 0, 1, 0, '000000', 0, 2, '2016-07-31 03:13:06', '2016-07-31 03:13:06'),
	(32, 'Exile_Construction_WoodStairs_Static', '76561198073151610', '2016-07-17 20:24:30', 8348.0449219, 11291.367188, -0.517014, 0.201616, -0.979465, 0, 0, 0, 1, 0, '000000', 0, 2, '2016-07-31 03:13:06', '2016-07-31 03:13:06'),
	(33, 'Exile_Construction_WoodWall_Static', '76561198073151610', '2016-07-17 20:27:40', 8368.113281, 11285.0849609, 1.924591, -0.212269, 0.977211, 0, 0, 0, 1, 0, '000000', 0, 2, '2016-07-31 03:13:06', '2016-07-31 03:13:06'),
	(35, 'Exile_Construction_WoodWall_Static', '76561198073151610', '2016-07-17 20:28:58', 8368.126953, 11285.107422, -1.076828, -0.215813, 0.976435, 0, 0, 0, 1, 0, '000000', 0, 2, '2016-07-31 03:13:06', '2016-07-31 03:13:06'),
	(36, 'Exile_Construction_WoodWall_Static', '76561198073151610', '2016-07-17 20:29:58', 8362.264648, 11283.788086, 1.842041, -0.200423, 0.97971, 0, 0, 0, 1, 0, '000000', 0, 2, '2016-07-31 03:13:06', '2016-07-31 03:13:06'),
	(38, 'Exile_Construction_WoodWall_Static', '76561198073151610', '2016-07-17 20:32:18', 8362.25293, 11283.787109, -0.909302, -0.198885, 0.980023, 0, 0, 0, 1, 0, '000000', 0, 2, '2016-07-31 03:13:06', '2016-07-31 03:13:06'),
	(39, 'Exile_Construction_WoodWall_Static', '76561198073151610', '2016-07-17 20:33:05', 8356.441406, 11282.543945, 1.692383, -0.209632, 0.97778, 0, 0, 0, 1, 0, '000000', 0, 2, '2016-07-31 03:13:06', '2016-07-31 03:13:06'),
	(40, 'Exile_Construction_WoodWall_Static', '76561198073151610', '2016-07-17 20:33:59', 8356.44043, 11282.547852, -1.0595398, -0.205773, 0.9786, 0, 0, 0, 1, 0, '000000', 0, 2, '2016-07-31 03:13:06', '2016-07-31 03:13:06'),
	(41, 'Exile_Construction_WoodWall_Static', '76561198073151610', '2016-07-17 20:34:40', 8350.603516, 11281.326172, 2.16597, -0.206077, 0.978536, 0, 0, 0, 1, 0, '000000', 0, 2, '2016-07-31 03:13:06', '2016-07-31 03:13:06'),
	(42, 'Exile_Construction_WoodWall_Static', '76561198073151610', '2016-07-17 20:36:15', 8350.602539, 11281.328125, -0.584488, -0.205314, 0.978696, 0, 0, 0, 1, 0, '000000', 0, 2, '2016-07-31 03:13:06', '2016-07-31 03:13:06'),
	(43, 'Exile_Construction_WoodWall_Static', '76561198073151610', '2016-07-17 20:39:43', 8344.841797, 11280.09375, 3.217316, 0.212435, -0.977175, 0, 0, 0, 1, 0, '000000', 0, 2, '2016-07-31 03:13:06', '2016-07-31 03:13:06'),
	(44, 'Exile_Construction_WoodWall_Static', '76561198073151610', '2016-07-17 20:40:23', 8344.84082, 11280.105469, 0.462372, 0.215409, -0.976524, 0, 0, 0, 1, 0, '000000', 0, 2, '2016-07-31 03:13:06', '2016-07-31 03:13:06'),
	(45, 'Exile_Construction_WoodWall_Static', '76561198073151610', '2016-07-17 20:41:09', 8341.272461, 11282.263672, 2.687851, -0.977336, -0.211694, 0, 0, 0, 1, 0, '000000', 0, 2, '2016-07-31 03:13:06', '2016-07-31 03:13:06'),
	(46, 'Exile_Construction_WoodWall_Static', '76561198073151610', '2016-07-17 20:41:35', 8341.325195, 11282.271484, -0.0623779, -0.977309, -0.211818, 0, 0, 0, 1, 0, '000000', 0, 2, '2016-07-31 03:13:06', '2016-07-31 03:13:06'),
	(49, 'Exile_Construction_WoodWall_Static', '76561198073151610', '2016-07-17 20:46:10', 8339.999023, 11288.0976563, 2.541611, -0.982199, -0.187841, 0, 0, 0, 1, 0, '000000', 0, 2, '2016-07-31 03:13:06', '2016-07-31 03:13:06'),
	(50, 'Exile_Construction_WoodWall_Static', '76561198073151610', '2016-07-17 20:50:58', 8340.00195313, 11288.102539, -0.208176, -0.982155, -0.188075, 0, 0, 0, 1, 0, '000000', 0, 2, '2016-07-31 03:13:06', '2016-07-31 03:13:06'),
	(51, 'Exile_Construction_WoodWall_Static', '76561198073151610', '2016-07-17 20:51:17', 8339.992188, 11288.0927734, -1.694595, -0.981068, -0.193664, 0, 0, 0, 1, 0, '000000', 0, 2, '2016-07-31 03:13:06', '2016-07-31 03:13:06'),
	(52, 'Exile_Construction_WoodWall_Static', '76561198073151610', '2016-07-17 20:59:58', 8338.801758, 11293.922852, 0.36644, 0.978433, 0.206563, 0, 0, 0, 1, 0, '000000', 0, 2, '2016-07-31 03:13:06', '2016-07-31 03:13:06'),
	(53, 'Exile_Construction_WoodWall_Static', '76561198073151610', '2016-07-17 21:02:48', 8338.813477, 11293.925781, -2.380966, 0.978673, 0.205424, 0, 0, 0, 1, 0, '000000', 0, 2, '2016-07-31 03:13:06', '2016-07-31 03:13:06'),
	(54, 'Exile_Construction_WoodWall_Static', '76561198073151610', '2016-07-17 21:04:05', 8337.556641, 11299.740234, -1.53389, 0.977784, 0.209614, 0, 0, 0, 1, 0, '000000', 0, 2, '2016-07-31 03:13:06', '2016-07-31 03:13:06'),
	(55, 'Exile_Construction_WoodFloor_Static', '76561198073151610', '2016-07-17 21:27:04', 8340.34082, 11300.486328, 0.790024, 0.97821, 0.207616, 0, 0, 0, 1, 0, '000000', 0, 2, '2016-07-31 03:13:06', '2016-07-31 03:13:06'),
	(56, 'Exile_Construction_WoodFloor_Static', '76561198073151610', '2016-07-17 21:28:11', 8346.209961, 11301.732422, -0.501816, 0.97821, 0.207616, 0, 0, 0, 1, 0, '000000', 0, 2, '2016-07-31 03:13:06', '2016-07-31 03:13:06'),
	(57, 'Exile_Construction_WoodWall_Static', '76561198073151610', '2016-07-17 21:29:51', 8339.745117, 11303.299805, -2.799423, -0.207542, 0.978226, 0, 0, 0, 1, 0, '000000', 0, 2, '2016-07-31 03:13:06', '2016-07-31 03:13:06'),
	(58, 'Exile_Construction_WoodWall_Static', '76561198073151610', '2016-07-17 21:30:42', 8341.330078, 11282.259766, -2.483612, 0.976557, 0.21526, 0, 0, 0, 1, 0, '000000', 0, 2, '2016-07-31 03:13:06', '2016-07-31 03:13:06'),
	(59, 'Exile_Construction_WoodWall_Static', '76561198073151610', '2016-07-17 21:36:31', 8344.859375, 11280.123047, -2.145599, 0.208751, -0.977969, 0, 0, 0, 1, 0, '000000', 0, 2, '2016-07-31 03:13:06', '2016-07-31 03:13:06'),
	(60, 'Exile_Construction_WoodDoor_Static', '76561198073151610', '2016-07-17 21:38:29', 8339.744141, 11303.298828, 0.199554, -0.207616, 0.978211, 0, 0, 0, 1, -1, '1998', 0, 2, '2016-07-31 03:13:06', '2016-07-31 03:13:06'),
	(62, 'Exile_Construction_WoodWall_Static', '76561198073151610', '2016-07-17 21:40:32', 8343.397461, 11301.135742, 0.36174, 0.97821, 0.207616, 0, 0, 0, 1, 0, '000000', 0, 2, '2016-07-31 03:13:06', '2016-07-31 03:13:06'),
	(63, 'Exile_Construction_WoodWall_Static', '76561198073151610', '2016-07-17 21:40:56', 8346.859375, 11298.675781, 0.588074, -0.207616, 0.978211, 0, 0, 0, 1, 0, '000000', 0, 2, '2016-07-31 03:13:06', '2016-07-31 03:13:06'),
	(64, 'Exile_Construction_WoodWall_Static', '76561198073151610', '2016-07-17 21:41:06', 8352.728516, 11299.921875, 0.208557, -0.207616, 0.978211, 0, 0, 0, 1, 0, '000000', 0, 2, '2016-07-31 03:13:06', '2016-07-31 03:13:06'),
	(65, 'Exile_Construction_WoodWall_Static', '76561198073151610', '2016-07-17 21:41:19', 8358.597656, 11301.167969, 0.15979, 0.207616, -0.97821, 0, 0, 0, 1, 0, '000000', 0, 2, '2016-07-31 03:13:06', '2016-07-31 03:13:06'),
	(66, 'Exile_Construction_WoodWall_Static', '76561198073151610', '2016-07-17 21:42:11', 8364.466797, 11302.414063, 0.44281, -0.207616, 0.978211, 0, 0, 0, 1, 0, '000000', 0, 2, '2016-07-31 03:13:06', '2016-07-31 03:13:06'),
	(67, 'Exile_Construction_WoodWall_Static', '76561198073151610', '2016-07-17 21:42:19', 8367.875977, 11300.198242, 1.865997, 0.97821, 0.207616, 0, 0, 0, 1, 0, '000000', 0, 2, '2016-07-31 03:13:06', '2016-07-31 03:13:06'),
	(68, 'Exile_Construction_WoodWall_Static', '76561198073151610', '2016-07-17 21:42:26', 8369.12207, 11294.329102, 4.695389, 0.97821, 0.207616, 0, 0, 0, 1, 0, '000000', 0, 2, '2016-07-31 03:13:06', '2016-07-31 03:13:06'),
	(69, 'Exile_Construction_WoodWall_Static', '76561198073151610', '2016-07-17 21:42:35', 8370.368164, 11288.459961, 7.167114, 0.97821, 0.207616, 0, 0, 0, 1, 0, '000000', 0, 2, '2016-07-31 03:13:06', '2016-07-31 03:13:06'),
	(70, 'Exile_Construction_WoodWall_Static', '76561198073151610', '2016-07-17 21:42:44', 8368.152344, 11285.0507813, 7.990097, 0.207616, -0.97821, 0, 0, 0, 1, 0, '000000', 0, 2, '2016-07-31 03:13:06', '2016-07-31 03:13:06'),
	(71, 'Exile_Construction_WoodWall_Static', '76561198073151610', '2016-07-17 21:43:19', 8337.52832, 11299.889648, 1.659531, 0.97821, 0.207616, 0, 0, 0, 1, 0, '000000', 0, 2, '2016-07-31 03:13:06', '2016-07-31 03:13:06'),
	(72, 'Exile_Construction_WoodWall_Static', '76561198073151610', '2016-07-17 21:43:27', 8338.774414, 11294.0205078, 3.441116, 0.97821, 0.207616, 0, 0, 0, 1, 0, '000000', 0, 2, '2016-07-31 03:13:06', '2016-07-31 03:13:06'),
	(73, 'Exile_Construction_WoodWall_Static', '76561198073151610', '2016-07-17 21:45:08', 8340.0205078, 11288.151367, 5.613846, 0.97821, 0.207616, 0, 0, 0, 1, 0, '000000', 0, 2, '2016-07-31 03:13:06', '2016-07-31 03:13:06'),
	(74, 'Exile_Construction_WoodWall_Static', '76561198073151610', '2016-07-17 21:45:18', 8341.266602, 11282.282227, 8.492401, 0.97821, 0.207616, 0, 0, 0, 1, 0, '000000', 0, 2, '2016-07-31 03:13:06', '2016-07-31 03:13:06'),
	(75, 'Exile_Construction_WoodWall_Static', '76561198073151610', '2016-07-17 21:45:27', 8344.675781, 11280.0664063, 9.225418, 0.207616, -0.97821, 0, 0, 0, 1, 0, '000000', 0, 2, '2016-07-31 03:13:06', '2016-07-31 03:13:06'),
	(76, 'Exile_Construction_WoodWall_Static', '76561198073151610', '2016-07-17 21:46:33', 8350.544922, 11281.3125, 8.0277252, 0.207616, -0.97821, 0, 0, 0, 1, 0, '000000', 0, 2, '2016-07-31 03:13:06', '2016-07-31 03:13:06'),
	(77, 'Exile_Construction_WoodWall_Static', '76561198073151610', '2016-07-17 21:46:48', 8356.414063, 11282.558594, 7.675903, 0.207616, -0.97821, 0, 0, 0, 1, 0, '000000', 0, 2, '2016-07-31 03:13:06', '2016-07-31 03:13:06'),
	(78, 'Exile_Construction_WoodWall_Static', '76561198073151610', '2016-07-17 21:46:59', 8362.283203, 11283.804688, 7.835175, 0.207616, -0.97821, 0, 0, 0, 1, 0, '000000', 0, 2, '2016-07-31 03:13:06', '2016-07-31 03:13:06'),
	(79, 'Exile_Construction_WoodWall_Static', '76561198073151610', '2016-07-17 21:48:50', 8345.645508, 11289.344727, 4.0971375, 0.97821, 0.207616, 0, 0, 0, 1, 0, '000000', 0, 2, '2016-07-31 03:13:06', '2016-07-31 03:13:06'),
	(81, 'Exile_Construction_WoodWall_Static', '76561198073151610', '2016-07-17 21:49:18', 8351.758789, 11290.643555, 3.163437, 0.97821, 0.207616, 0, 0, 0, 1, 0, '000000', 0, 2, '2016-07-31 03:13:06', '2016-07-31 03:13:06'),
	(85, 'Exile_Construction_WoodWall_Static', '76561198073151610', '2016-07-17 21:54:19', 8352.760742, 11284.72168, 6.332214, 0.97821, 0.207616, 0, 0, 0, 1, 0, '000000', 0, 2, '2016-07-31 03:13:06', '2016-07-31 03:13:06'),
	(86, 'Exile_Construction_WoodFloorPort_Static', '76561198073151610', '2016-07-17 21:54:37', 8349.948242, 11284.125, 9.504532, -0.97821, -0.207616, 0, 0, 0, 1, 0, '000000', 0, 2, '2016-07-31 03:13:06', '2016-07-31 03:13:06'),
	(88, 'Exile_Construction_WoodWall_Static', '76561198073151610', '2016-07-17 21:56:00', 8349.351563, 11286.9375, 5.0257111, -0.207616, 0.978211, 0, 0, 0, 1, 0, '000000', 0, 2, '2016-07-31 03:13:06', '2016-07-31 03:13:06'),
	(89, 'Exile_Construction_WoodFloor_Static', '76561198073151610', '2016-07-17 21:56:58', 8348.754883, 11289.75, 6.562073, -0.207641, 0.978205, 0, 0, 0, 1, 0, '000000', 0, 2, '2016-07-31 03:13:06', '2016-07-31 03:13:06'),
	(90, 'Exile_Construction_WoodWindow_Static', '76561198073151610', '2016-07-17 21:57:55', 8350.544922, 11281.3125, 11.277725, -0.207616, 0.978211, 0, 0, 0, 1, 0, '000000', 0, 2, '2016-07-31 03:13:06', '2016-07-31 03:13:06'),
	(91, 'Exile_Construction_WoodWall_Static', '76561198073151610', '2016-07-17 21:58:22', 8352.760742, 11284.72168, 9.582214, -0.97821, -0.207616, 0, 0, 0, 1, 0, '000000', 0, 2, '2016-07-31 03:13:06', '2016-07-31 03:13:06'),
	(92, 'Exile_Construction_WoodWall_Static', '76561198073151610', '2016-07-17 21:58:33', 8347.135742, 11283.52832, 10.098587, -0.97821, -0.207616, 0, 0, 0, 1, 0, '000000', 0, 2, '2016-07-31 03:13:06', '2016-07-31 03:13:06'),
	(93, 'Exile_Construction_WoodWall_Static', '76561198073151610', '2016-07-17 21:59:37', 8351.567383, 11290.34668, 6.549393, -0.978205, -0.207642, 0, 0, 0, 1, 0, '000000', 0, 2, '2016-07-31 03:13:06', '2016-07-31 03:13:06'),
	(94, 'Exile_Construction_WoodWall_Static', '76561198073151610', '2016-07-17 21:59:44', 8348.158203, 11292.5625, 5.616806, -0.207641, 0.978205, 0, 0, 0, 1, 0, '000000', 0, 2, '2016-07-31 03:13:06', '2016-07-31 03:13:06'),
	(95, 'Exile_Construction_WoodWall_Static', '76561198073151610', '2016-07-17 21:59:57', 8345.942383, 11289.15332, 7.397018, 0.978205, 0.207642, 0, 0, 0, 1, 0, '000000', 0, 2, '2016-07-31 03:13:06', '2016-07-31 03:13:06'),
	(96, 'Exile_Construction_WoodFloor_Static', '76561198073151610', '2016-07-17 22:00:36', 8340.34082, 11300.486328, 4.0400238, -0.207641, 0.978205, 0, 0, 0, 1, 0, '000000', 0, 2, '2016-07-31 03:13:06', '2016-07-31 03:13:06'),
	(97, 'Exile_Construction_WoodFloor_Static', '76561198073151610', '2016-07-17 22:00:49', 8341.586914, 11294.617188, 5.80484, -0.207641, 0.978205, 0, 0, 0, 1, 0, '000000', 0, 2, '2016-07-31 03:13:06', '2016-07-31 03:13:06'),
	(98, 'Exile_Construction_WoodFloor_Static', '76561198073151610', '2016-07-17 22:01:06', 8342.833008, 11288.748047, 7.825775, 0.97821, 0.207616, 0, 0, 0, 1, 0, '000000', 0, 2, '2016-07-31 03:13:06', '2016-07-31 03:13:06'),
	(99, 'Exile_Construction_WoodFloor_Static', '76561198073151610', '2016-07-17 22:01:47', 8344.0791016, 11282.878906, 10.552048, 0.207642, -0.978205, 0, 0, 0, 1, 0, '000000', 0, 2, '2016-07-31 03:13:06', '2016-07-31 03:13:06'),
	(100, 'Exile_Construction_WoodFloor_Static', '76561198073151610', '2016-07-17 22:02:04', 8347.456055, 11295.863281, 4.309769, 0.97821, 0.207616, 0, 0, 0, 1, 0, '000000', 0, 2, '2016-07-31 03:13:06', '2016-07-31 03:13:06'),
	(101, 'Exile_Construction_WoodFloor_Static', '76561198073151610', '2016-07-17 22:02:38', 8353.325195, 11297.109375, 4.110504, -0.207641, 0.978205, 0, 0, 0, 1, 0, '000000', 0, 2, '2016-07-31 03:13:06', '2016-07-31 03:13:06'),
	(102, 'Exile_Construction_WoodFloor_Static', '76561198073151610', '2016-07-17 22:03:48', 8354.624023, 11290.996094, 6.285965, -0.207641, 0.978205, 0, 0, 0, 1, 0, '000000', 0, 2, '2016-07-31 03:13:06', '2016-07-31 03:13:06'),
	(103, 'Exile_Construction_WoodFloor_Static', '76561198073151610', '2016-07-17 22:03:58', 8355.573242, 11285.318359, 9.216385, 0.97821, 0.207616, 0, 0, 0, 1, 0, '000000', 0, 2, '2016-07-31 03:13:06', '2016-07-31 03:13:06'),
	(104, 'Exile_Construction_WoodFloor_Static', '76561198073151610', '2016-07-17 22:04:33', 8359.194336, 11298.355469, 4.314011, 0.207642, -0.978205, 0, 0, 0, 1, 0, '000000', 0, 2, '2016-07-31 03:13:06', '2016-07-31 03:13:06'),
	(105, 'Exile_Construction_WoodFloor_Static', '76561198073151610', '2016-07-17 22:04:49', 8360.44043, 11292.486328, 6.936676, 0.97821, 0.207616, 0, 0, 0, 1, 0, '000000', 0, 2, '2016-07-31 03:13:06', '2016-07-31 03:13:06'),
	(106, 'Exile_Construction_WoodFloor_Static', '76561198073151610', '2016-07-17 22:05:50', 8361.686523, 11286.617188, 9.561096, 0.207642, -0.978205, 0, 0, 0, 1, 0, '000000', 0, 2, '2016-07-31 03:13:06', '2016-07-31 03:13:06'),
	(107, 'Exile_Construction_WoodFloor_Static', '76561198073151610', '2016-07-17 22:06:04', 8367.555664, 11287.863281, 9.962494, 0.207642, -0.978205, 0, 0, 0, 1, 0, '000000', 0, 2, '2016-07-31 03:13:06', '2016-07-31 03:13:06'),
	(108, 'Exile_Construction_WoodFloor_Static', '76561198073151610', '2016-07-17 22:06:15', 8366.30957, 11293.732422, 7.469116, 0.97821, 0.207616, 0, 0, 0, 1, 0, '000000', 0, 2, '2016-07-31 03:13:06', '2016-07-31 03:13:06'),
	(109, 'Exile_Construction_WoodFloor_Static', '76561198073151610', '2016-07-17 22:07:10', 8365.0634766, 11299.601563, 4.648804, 0.97821, 0.207616, 0, 0, 0, 1, 0, '000000', 0, 2, '2016-07-31 03:13:06', '2016-07-31 03:13:06'),
	(110, 'Exile_Construction_WoodStairs_Static', '76561198073151610', '2016-07-17 22:07:49', 8350.40918, 11284.241211, 6.448273, -0.978964, -0.204032, 0, 0, 0, 1, 0, '000000', 0, 2, '2016-07-31 03:13:06', '2016-07-31 03:13:06'),
	(111, 'Exile_Construction_WoodFloorPort_Static', '76561198073151610', '2016-07-17 22:08:31', 8348.754883, 11289.75, 9.812073, -0.207641, 0.978205, 0, 0, 0, 1, 0, '000000', 0, 2, '2016-07-31 03:13:06', '2016-07-31 03:13:06'),
	(112, 'Exile_Construction_WoodStairs_Static', '76561198073151610', '2016-07-17 22:10:04', 8348.754883, 11289.75, 6.812073, 0.207642, -0.978205, 0, 0, 0, 1, 0, '000000', 0, 2, '2016-07-31 03:13:06', '2016-07-31 03:13:06'),
	(113, 'Exile_Construction_WoodWall_Static', '76561198073151610', '2016-07-17 22:11:06', 8348.158203, 11292.5625, 8.866806, -0.207641, 0.978205, 0, 0, 0, 1, 0, '000000', 0, 2, '2016-07-31 03:13:06', '2016-07-31 03:13:06'),
	(114, 'Exile_Construction_WoodWall_Static', '76561198073151610', '2016-07-17 22:11:17', 8345.942383, 11289.15332, 10.647018, -0.978205, -0.207642, 0, 0, 0, 1, 0, '000000', 0, 2, '2016-07-31 03:13:06', '2016-07-31 03:13:06'),
	(115, 'Exile_Construction_WoodFloor_Static', '76561198073151610', '2016-07-17 22:13:37', 8349.948242, 11284.125, 12.754532, -0.207641, 0.978205, 0, 0, 0, 1, 0, '000000', 0, 2, '2016-07-31 03:13:06', '2016-07-31 03:13:06'),
	(116, 'Exile_Construction_WoodWindow_Static', '76561198073151610', '2016-07-17 22:14:41', 8350.544922, 11281.3125, 14.527725, -0.207641, 0.978205, 0, 0, 0, 1, 0, '000000', 0, 2, '2016-07-31 03:13:06', '2016-07-31 03:13:06'),
	(117, 'Exile_Construction_WoodWall_Static', '76561198073151610', '2016-07-17 22:14:50', 8347.135742, 11283.52832, 13.348587, 0.978205, 0.207642, 0, 0, 0, 1, 0, '000000', 0, 2, '2016-07-31 03:13:06', '2016-07-31 03:13:06'),
	(118, 'Exile_Construction_WoodWall_Static', '76561198073151610', '2016-07-17 22:17:25', 8352.760742, 11284.72168, 12.832214, -0.978205, -0.207642, 0, 0, 0, 1, 0, '000000', 0, 2, '2016-07-31 03:13:06', '2016-07-31 03:13:06'),
	(119, 'Exile_Construction_WoodWall_Static', '76561198073151610', '2016-07-17 22:17:32', 8351.567383, 11290.34668, 9.799393, -0.978205, -0.207642, 0, 0, 0, 1, 0, '000000', 0, 2, '2016-07-31 03:13:06', '2016-07-31 03:13:06'),
	(122, 'Exile_Construction_WoodFloorPort_Static', '76561198073151610', '2016-07-17 22:22:45', 8349.948242, 11284.125, 16.00453186, 0.207642, -0.978205, 0, 0, 0, 1, 0, '000000', 0, 2, '2016-07-31 03:13:06', '2016-07-31 03:13:06'),
	(130, 'Exile_Construction_WoodWall_Static', '76561198125788747', '2016-07-17 22:31:22', 8880.509766, 11954.462891, 0.0298767, -0.531164, 0.847269, 0, 0, 0, 1, 0, '000000', 0, 5, '2016-07-31 03:13:06', '2016-07-31 03:13:06'),
	(131, 'Exile_Construction_WoodWall_Static', '76561198125788747', '2016-07-17 22:32:07', 8884.472656, 11953.554688, 0.0226135, -0.847254, -0.531189, 0, 0, 0, 1, 0, '000000', 0, 5, '2016-07-31 03:13:06', '2016-07-31 03:13:06'),
	(133, 'Exile_Construction_WoodWall_Static', '76561198125788747', '2016-07-17 22:35:26', 8879.601563, 11950.5, 0.00215149, -0.847254, -0.531189, 0, 0, 0, 1, 0, '000000', 0, 5, '2016-07-31 03:13:06', '2016-07-31 03:13:06'),
	(135, 'Exile_Construction_WoodWall_Static', '76561198125788747', '2016-07-17 22:38:15', 8880.509766, 11954.462891, 3.0298767, -0.531188, 0.847254, 0, 0, 0, 1, 0, '000000', 0, 5, '2016-07-31 03:13:06', '2016-07-31 03:13:06'),
	(136, 'Exile_Construction_WoodFloor_Static', '76561198125788747', '2016-07-17 22:38:40', 8882.0371094, 11952.0273438, 6.0103912, -0.531188, 0.847254, 0, 0, 0, 1, 0, '000000', 0, 5, '2016-07-31 03:13:06', '2016-07-31 03:13:06'),
	(138, 'Exile_Construction_WoodStairs_Static', '76561198073151610', '2016-07-17 22:39:38', 8349.948242, 11284.125, 13.00453186, -0.207641, 0.978205, 0, 0, 0, 1, 0, '000000', 0, 2, '2016-07-31 03:13:06', '2016-07-31 03:13:06'),
	(140, 'Exile_Construction_WoodFloor_Static', '76561198073151610', '2016-07-17 22:40:05', 8348.754883, 11289.75, 13.0620728, -0.207641, 0.978205, 0, 0, 0, 1, 0, '000000', 0, 2, '2016-07-31 03:13:06', '2016-07-31 03:13:06'),
	(141, 'Exile_Construction_WoodWall_Static', '76561198125788747', '2016-07-17 22:40:23', 8883.564453, 11949.591797, -0.000274658, 0.531227, -0.847229, 0, 0, 0, 1, 0, '000000', 0, 5, '2016-07-31 03:13:06', '2016-07-31 03:13:06'),
	(142, 'Exile_Construction_WoodWindow_Static', '76561198073151610', '2016-07-17 22:40:32', 8350.544922, 11281.3125, 17.777725, 0.207642, -0.978205, 0, 0, 0, 1, 0, '000000', 0, 2, '2016-07-31 03:13:06', '2016-07-31 03:13:06'),
	(143, 'Exile_Construction_WoodWall_Static', '76561198125788747', '2016-07-17 22:40:35', 8883.564453, 11949.591797, 2.999725, 0.53125, -0.847215, 0, 0, 0, 1, 0, '000000', 0, 5, '2016-07-31 03:13:06', '2016-07-31 03:13:06'),
	(144, 'Exile_Construction_WoodWall_Static', '76561198125788747', '2016-07-17 22:40:51', 8879.601563, 11950.5, 3.00215149, -0.847229, -0.531228, 0, 0, 0, 1, 0, '000000', 0, 5, '2016-07-31 03:13:06', '2016-07-31 03:13:06'),
	(145, 'Exile_Construction_WoodWindow_Static', '76561198073151610', '2016-07-17 22:41:31', 8352.760742, 11284.72168, 16.0822144, 0.978205, 0.207642, 0, 0, 0, 1, 0, '000000', 0, 2, '2016-07-31 03:13:06', '2016-07-31 03:13:06'),
	(146, 'Exile_Construction_WoodWall_Static', '76561198125788747', '2016-07-17 22:42:21', 8884.472656, 11953.554688, 3.0226135, -0.847229, -0.531228, 0, 0, 0, 1, 0, '000000', 0, 5, '2016-07-31 03:13:06', '2016-07-31 03:13:06'),
	(149, 'Exile_Construction_WoodWall_Static', '76561198125788747', '2016-07-17 22:43:36', 8901.517578, 11896.0712891, -0.0740356, 0.856571, 0.516028, 0, 0, 0, 1, 0, '000000', 0, 5, '2016-07-31 03:13:06', '2016-07-31 03:13:06'),
	(150, 'Exile_Construction_WoodWindow_Static', '76561198073151610', '2016-07-17 22:44:05', 8347.135742, 11283.52832, 16.598587, -0.978205, -0.207642, 0, 0, 0, 1, 0, '000000', 0, 2, '2016-07-31 03:13:06', '2016-07-31 03:13:06'),
	(151, 'Exile_Construction_WoodWindow_Static', '76561198073151610', '2016-07-17 22:44:18', 8348.158203, 11292.5625, 12.116806, -0.207641, 0.978205, 0, 0, 0, 1, 0, '000000', 0, 2, '2016-07-31 03:13:06', '2016-07-31 03:13:06'),
	(152, 'Exile_Construction_WoodWall_Static', '76561198073151610', '2016-07-17 22:47:43', 8345.942383, 11289.15332, 13.897018, 0.978205, 0.207642, 0, 0, 0, 1, 0, '000000', 0, 2, '2016-07-31 03:13:06', '2016-07-31 03:13:06'),
	(154, 'Exile_Construction_WoodWall_Static', '76561198073151610', '2016-07-17 22:48:01', 8351.567383, 11290.34668, 13.0493927, 0.978205, 0.207642, 0, 0, 0, 1, 0, '000000', 0, 2, '2016-07-31 03:13:06', '2016-07-31 03:13:06'),
	(155, 'Exile_Construction_WoodWall_Static', '76561198125788747', '2016-07-17 22:48:07', 8910.769531, 11902.754883, 0.0762177, 0.856874, 0.515526, 0, 0, 0, 1, 0, '000000', 0, 5, '2016-07-31 03:13:06', '2016-07-31 03:13:06'),
	(157, 'Exile_Construction_WoodFloorPort_Static', '76561198073151610', '2016-07-17 22:51:08', 8348.754883, 11289.75, 16.312073, 0.207642, -0.978205, 0, 0, 0, 1, 0, '000000', 0, 2, '2016-07-31 03:13:06', '2016-07-31 03:13:06'),
	(159, 'Exile_Construction_WoodStairs_Static', '76561198073151610', '2016-07-17 22:51:28', 8348.754883, 11289.75, 13.312073, 0.207642, -0.978205, 0, 0, 0, 1, 0, '000000', 0, 2, '2016-07-31 03:13:06', '2016-07-31 03:13:06'),
	(162, 'Exile_Construction_WoodWall_Static', '76561198125788747', '2016-07-17 22:53:41', 8886.916992, 11871.240234, -0.231522, -0.540505, 0.841341, 0, 0, 0, 1, 0, '000000', 0, 5, '2016-07-31 03:13:06', '2016-07-31 03:13:06'),
	(163, 'Exile_Construction_WoodFloor_Static', '76561198073151610', '2016-07-17 22:54:29', 8349.948242, 11284.125, 19.254532, 0.207642, -0.978205, 0, 0, 0, 1, 0, '000000', 0, 2, '2016-07-31 03:13:06', '2016-07-31 03:13:06'),
	(164, 'Exile_Construction_WoodFloor_Static', '76561198073151610', '2016-07-17 22:54:39', 8355.817383, 11285.371094, 18.951309, 0.207642, -0.978205, 0, 0, 0, 1, 0, '000000', 0, 2, '2016-07-31 03:13:06', '2016-07-31 03:13:06'),
	(165, 'Exile_Construction_WoodFloor_Static', '76561198073151610', '2016-07-17 22:54:50', 8344.0791016, 11282.878906, 20.302048, 0.207642, -0.978205, 0, 0, 0, 1, 0, '000000', 0, 2, '2016-07-31 03:13:06', '2016-07-31 03:13:06'),
	(166, 'Exile_Construction_WoodWall_Static', '76561198125788747', '2016-07-17 22:55:23', 8882.944336, 11872.105469, -0.462997, -0.841327, -0.540527, 0, 0, 0, 1, 0, '000000', 0, 5, '2016-07-31 03:13:06', '2016-07-31 03:13:06'),
	(167, 'Exile_Construction_WoodWall_Static', '76561198125788747', '2016-07-17 22:58:58', 8891.964844, 11874.483398, -0.290848, -0.540527, 0.841326, 0, 0, 0, 1, 0, '000000', 0, 5, '2016-07-31 03:13:06', '2016-07-31 03:13:06'),
	(168, 'Exile_Construction_WoodGate_Static', '76561198125788747', '2016-07-17 22:59:34', 8897.0126953, 11877.726563, -0.43689, -0.540527, 0.841326, 0, 0, 0, 1, -1, '5225', 0, 5, '2016-07-31 03:13:06', '2016-07-31 03:13:06'),
	(169, 'Exile_Construction_WoodWall_Static', '76561198125788747', '2016-07-17 22:59:57', 8902.0605469, 11880.969727, -0.529602, -0.540527, 0.841326, 0, 0, 0, 1, 0, '000000', 0, 5, '2016-07-31 03:13:06', '2016-07-31 03:13:06'),
	(170, 'Exile_Construction_WoodWall_Static', '76561198125788747', '2016-07-17 23:02:55', 8907.108398, 11884.212891, -0.892807, -0.540527, 0.841326, 0, 0, 0, 1, 0, '000000', 0, 5, '2016-07-31 03:13:06', '2016-07-31 03:13:06'),
	(171, 'Exile_Construction_WoodWall_Static', '76561198125788747', '2016-07-17 23:03:21', 8879.701172, 11877.15332, -0.733521, -0.841309, -0.540555, 0, 0, 0, 1, 0, '000000', 0, 5, '2016-07-31 03:13:06', '2016-07-31 03:13:06'),
	(172, 'Exile_Construction_WoodWall_Static', '76561198125788747', '2016-07-17 23:03:44', 8876.458008, 11882.201172, -0.928482, -0.841309, -0.540555, 0, 0, 0, 1, 0, '000000', 0, 5, '2016-07-31 03:13:06', '2016-07-31 03:13:06'),
	(173, 'Exile_Construction_WoodWall_Static', '76561198125788747', '2016-07-17 23:06:33', 8873.214844, 11887.249023, -1.0629883, -0.841309, -0.540555, 0, 0, 0, 1, 0, '000000', 0, 5, '2016-07-31 03:13:06', '2016-07-31 03:13:06'),
	(174, 'Exile_Construction_WoodWall_Static', '76561198125788747', '2016-07-17 23:06:54', 8874.0791016, 11891.22168, -1.108749, 0.540555, -0.841309, 0, 0, 0, 1, 0, '000000', 0, 5, '2016-07-31 03:13:06', '2016-07-31 03:13:06'),
	(175, 'Exile_Construction_WoodWall_Static', '76561198125788747', '2016-07-17 23:07:08', 8879.126953, 11894.464844, -1.105881, 0.540527, -0.841327, 0, 0, 0, 1, 0, '000000', 0, 5, '2016-07-31 03:13:06', '2016-07-31 03:13:06'),
	(176, 'Exile_Construction_WoodWall_Static', '76561198125788747', '2016-07-17 23:09:54', 8884.174805, 11897.708008, -1.228638, 0.540527, -0.841327, 0, 0, 0, 1, 0, '000000', 0, 5, '2016-07-31 03:13:06', '2016-07-31 03:13:06'),
	(177, 'Exile_Construction_WoodWall_Static', '76561198125788747', '2016-07-17 23:10:07', 8889.222656, 11900.951172, -1.294968, 0.540527, -0.841327, 0, 0, 0, 1, 0, '000000', 0, 5, '2016-07-31 03:13:06', '2016-07-31 03:13:06'),
	(178, 'Exile_Construction_WoodWall_Static', '76561198125788747', '2016-07-17 23:10:30', 8894.270508, 11904.194336, -1.278152, 0.540527, -0.841327, 0, 0, 0, 1, 0, '000000', 0, 5, '2016-07-31 03:13:06', '2016-07-31 03:13:06'),
	(179, 'Exile_Construction_WoodWall_Static', '76561198125788747', '2016-07-17 23:11:55', 8898.243164, 11903.329102, -1.0880585, 0.841327, 0.540527, 0, 0, 0, 1, 0, '000000', 0, 5, '2016-07-31 03:13:06', '2016-07-31 03:13:06'),
	(180, 'Exile_Construction_WoodWall_Static', '76561198125788747', '2016-07-17 23:12:51', 8898.674805, 11902.571289, -0.948456, 0.842338, 0.538949, 0, 0, 0, 1, 0, '000000', 0, 5, '2016-07-31 03:13:06', '2016-07-31 03:13:06'),
	(181, 'Exile_Construction_WoodWall_Static', '76561198125788747', '2016-07-17 23:13:31', 8912.738281, 11886.0361328, 0.114365, 0.509778, -0.860306, 0, 0, 0, 1, 0, '000000', 0, 5, '2016-07-31 03:13:06', '2016-07-31 03:13:06'),
	(182, 'Exile_Construction_WoodWall_Static', '76561198125788747', '2016-07-17 23:14:08', 8882.944336, 11872.105469, 2.537003, -0.841309, -0.540555, 0, 0, 0, 1, 0, '000000', 0, 5, '2016-07-31 03:13:06', '2016-07-31 03:13:06'),
	(183, 'Exile_Construction_WoodWall_Static', '76561198125788747', '2016-07-17 23:17:35', 8886.916992, 11871.240234, 2.768478, -0.540527, 0.841326, 0, 0, 0, 1, 0, '000000', 0, 5, '2016-07-31 03:13:06', '2016-07-31 03:13:06'),
	(184, 'Exile_Construction_WoodWall_Static', '76561198125788747', '2016-07-17 23:17:50', 8879.701172, 11877.15332, 2.266479, -0.841309, -0.540555, 0, 0, 0, 1, 0, '000000', 0, 5, '2016-07-31 03:13:06', '2016-07-31 03:13:06'),
	(185, 'Exile_Construction_WoodWall_Static', '76561198125788747', '2016-07-17 23:18:00', 8876.458008, 11882.201172, 2.0715179, -0.841309, -0.540555, 0, 0, 0, 1, 0, '000000', 0, 5, '2016-07-31 03:13:06', '2016-07-31 03:13:06'),
	(186, 'Exile_Construction_WoodFloor_Static', '76561198073151610', '2016-07-17 23:18:33', 8354.624023, 11290.996094, 16.035965, 0.207642, -0.978205, 0, 0, 0, 1, 0, '000000', 0, 2, '2016-07-31 03:13:06', '2016-07-31 03:13:06'),
	(187, 'Exile_Construction_WoodFloor_Static', '76561198073151610', '2016-07-17 23:19:03', 8342.885742, 11288.503906, 17.68692, 0.207642, -0.978205, 0, 0, 0, 1, 0, '000000', 0, 2, '2016-07-31 03:13:06', '2016-07-31 03:13:06'),
	(188, 'Exile_Construction_WoodFloor_Static', '76561198073151610', '2016-07-17 23:19:30', 8357.0634766, 11279.501953, 21.906219, 0.207642, -0.978205, 0, 0, 0, 1, 0, '000000', 0, 2, '2016-07-31 03:13:06', '2016-07-31 03:13:06'),
	(189, 'Exile_Construction_WoodWall_Static', '76561198125788747', '2016-07-17 23:20:57', 8891.964844, 11874.483398, 2.709152, -0.540527, 0.841326, 0, 0, 0, 1, 0, '000000', 0, 5, '2016-07-31 03:13:06', '2016-07-31 03:13:06'),
	(190, 'Exile_Construction_WoodWall_Static', '76561198125788747', '2016-07-17 23:21:16', 8902.0605469, 11880.969727, 2.470398, -0.540527, 0.841326, 0, 0, 0, 1, 0, '000000', 0, 5, '2016-07-31 03:13:06', '2016-07-31 03:13:06'),
	(191, 'Exile_Construction_WoodWall_Static', '76561198125788747', '2016-07-17 23:21:28', 8907.108398, 11884.212891, 2.107193, -0.540527, 0.841326, 0, 0, 0, 1, 0, '000000', 0, 5, '2016-07-31 03:13:06', '2016-07-31 03:13:06'),
	(192, 'Exile_Construction_WoodFloor_Static', '76561198125788747', '2016-07-17 23:22:00', 8885.363281, 11873.65918, 5.624512, -0.841309, -0.540555, 0, 0, 0, 1, 0, '000000', 0, 5, '2016-07-31 03:13:06', '2016-07-31 03:13:06'),
	(193, 'Exile_Construction_WoodFloor_Static', '76561198125788747', '2016-07-17 23:22:56', 8882.120117, 11878.707031, 5.359863, -0.841309, -0.540555, 0, 0, 0, 1, 0, '000000', 0, 5, '2016-07-31 03:13:06', '2016-07-31 03:13:06'),
	(194, 'Exile_Construction_WoodGate_Static', '76561198125788747', '2016-07-17 23:26:13', 8897.0126953, 11877.726563, 2.56311, -0.540527, 0.841326, 0, 0, 0, 1, 0, '000000', 0, 5, '2016-07-31 03:13:06', '2016-07-31 03:13:06'),
	(195, 'Exile_Construction_WoodWall_Static', '76561198125788747', '2016-07-17 23:26:42', 8873.214844, 11887.249023, 1.937012, -0.841309, -0.540555, 0, 0, 0, 1, 0, '000000', 0, 5, '2016-07-31 03:13:06', '2016-07-31 03:13:06'),
	(196, 'Exile_Construction_WoodWall_Static', '76561198125788747', '2016-07-17 23:29:09', 8879.126953, 11894.464844, 1.894119, 0.540527, -0.841327, 0, 0, 0, 1, 0, '000000', 0, 5, '2016-07-31 03:13:06', '2016-07-31 03:13:06'),
	(197, 'Exile_Construction_WoodWall_Static', '76561198125788747', '2016-07-17 23:29:26', 8874.0791016, 11891.22168, 1.891251, 0.540527, -0.841327, 0, 0, 0, 1, 0, '000000', 0, 5, '2016-07-31 03:13:06', '2016-07-31 03:13:06'),
	(198, 'Exile_Construction_WoodWall_Static', '76561198125788747', '2016-07-17 23:29:38', 8884.174805, 11897.708008, 1.771362, 0.540527, -0.841327, 0, 0, 0, 1, 0, '000000', 0, 5, '2016-07-31 03:13:06', '2016-07-31 03:13:06'),
	(199, 'Exile_Construction_WorkBench_Static', '76561198073151610', '2016-07-17 23:30:05', 8346.333008, 11288.74707, 10.794159, -0.966757, -0.255698, 0, 0, 0, 1, 0, '000000', 0, 2, '2016-07-31 03:13:06', '2016-07-31 03:13:06'),
	(200, 'Exile_Construction_WoodFloor_Static', '76561198073151610', '2016-07-17 23:30:50', 8351.194336, 11278.255859, 22.40358, 0.207642, -0.978205, 0, 0, 0, 1, 0, '000000', 0, 2, '2016-07-31 03:13:06', '2016-07-31 03:13:06'),
	(201, 'Exile_Construction_WoodFloor_Static', '76561198073151610', '2016-07-17 23:31:03', 8345.325195, 11277.00976563, 23.535187, 0.207642, -0.978205, 0, 0, 0, 1, 0, '000000', 0, 2, '2016-07-31 03:13:06', '2016-07-31 03:13:06'),
	(202, 'Exile_Construction_WoodWall_Static', '76561198125788747', '2016-07-17 23:31:46', 8889.222656, 11900.951172, 1.705032, 0.540527, -0.841327, 0, 0, 0, 1, 0, '000000', 0, 5, '2016-07-31 03:13:06', '2016-07-31 03:13:06'),
	(203, 'Exile_Construction_WoodWall_Static', '76561198125788747', '2016-07-17 23:31:56', 8894.270508, 11904.194336, 1.721848, 0.540527, -0.841327, 0, 0, 0, 1, 0, '000000', 0, 5, '2016-07-31 03:13:06', '2016-07-31 03:13:06'),
	(204, 'Exile_Construction_WoodWall_Static', '76561198125788747', '2016-07-17 23:32:04', 8898.674805, 11902.571289, 2.0515442, 0.842346, 0.538937, 0, 0, 0, 1, 0, '000000', 0, 5, '2016-07-31 03:13:06', '2016-07-31 03:13:06'),
	(205, 'Exile_Construction_WoodWall_Static', '76561198125788747', '2016-07-17 23:32:15', 8898.243164, 11903.329102, 1.911942, 0.841309, 0.540555, 0, 0, 0, 1, 0, '000000', 0, 5, '2016-07-31 03:13:06', '2016-07-31 03:13:06'),
	(206, 'Exile_Construction_WoodFloor_Static', '76561198073151610', '2016-07-17 23:33:34', 8347.508789, 11295.619141, 14.12381, 0.207642, -0.978205, 0, 0, 0, 1, 0, '000000', 0, 2, '2016-07-31 03:13:06', '2016-07-31 03:13:06'),
	(207, 'Exile_Construction_WoodWall_Static', '76561198073151610', '2016-07-17 23:34:06', 8349.351563, 11286.9375, 18.0257111, 0.207642, -0.978205, 0, 0, 0, 1, 0, '000000', 0, 2, '2016-07-31 03:13:06', '2016-07-31 03:13:06'),
	(208, 'Exile_Construction_WoodFloor_Static', '76561198125788747', '2016-07-17 23:34:51', 8878.876953, 11883.754883, 5.154678, -0.841309, -0.540555, 0, 0, 0, 1, 0, '000000', 0, 5, '2016-07-31 03:13:06', '2016-07-31 03:13:06'),
	(209, 'Exile_Construction_WoodFloor_Static', '76561198125788747', '2016-07-17 23:35:25', 8890.411133, 11876.902344, 5.590332, -0.540527, 0.841326, 0, 0, 0, 1, 0, '000000', 0, 5, '2016-07-31 03:13:06', '2016-07-31 03:13:06'),
	(211, 'Exile_Construction_WoodDoor_Static', '76561198073151610', '2016-07-17 23:37:00', 8351.567383, 11290.34668, 16.299393, 0.978205, 0.207642, 0, 0, 0, 1, -1, '1998', 0, 2, '2016-07-31 03:13:06', '2016-07-31 03:13:06'),
	(213, 'Exile_Construction_WorkBench_Static', '76561198125788747', '2016-07-17 23:38:16', 8902.234375, 11886.787109, -0.0905457, 0.955923, -0.293616, 0, 0, 0, 1, 0, '000000', 0, 5, '2016-07-31 03:13:06', '2016-07-31 03:13:06'),
	(215, 'Exile_Construction_WoodFloorPort_Static', '76561198125788747', '2016-07-17 23:39:22', 8900.506836, 11883.388672, 2.421097, -0.540527, 0.841326, 0, 0, 0, 1, 0, '000000', 0, 5, '2016-07-31 03:13:06', '2016-07-31 03:13:06'),
	(217, 'Exile_Construction_WoodWall_Static', '76561198073151610', '2016-07-17 23:40:24', 8345.942383, 11289.15332, 17.147018, -0.978205, -0.207642, 0, 0, 0, 1, 0, '000000', 0, 2, '2016-07-31 03:13:06', '2016-07-31 03:13:06'),
	(218, 'Exile_Construction_WoodWall_Static', '76561198073151610', '2016-07-17 23:40:38', 8344.696289, 11295.0224609, 15.146072, -0.978205, -0.207642, 0, 0, 0, 1, 0, '000000', 0, 2, '2016-07-31 03:13:06', '2016-07-31 03:13:06'),
	(219, 'Exile_Construction_WoodWall_Static', '76561198073151610', '2016-07-17 23:40:49', 8346.912109, 11298.431641, 13.650726, 0.207642, -0.978205, 0, 0, 0, 1, 0, '000000', 0, 2, '2016-07-31 03:13:06', '2016-07-31 03:13:06'),
	(220, 'Exile_Construction_WoodStairs_Static', '76561198125788747', '2016-07-17 23:40:51', 8900.506836, 11883.388672, -0.328903, -0.540527, 0.841326, 0, 0, 0, 1, 0, '000000', 0, 5, '2016-07-31 03:13:06', '2016-07-31 03:13:06'),
	(221, 'Exile_Construction_WoodFloor_Static', '76561198125788747', '2016-07-17 23:43:25', 8875.633789, 11888.802734, 4.957123, -0.841309, -0.540555, 0, 0, 0, 1, 0, '000000', 0, 5, '2016-07-31 03:13:06', '2016-07-31 03:13:06'),
	(222, 'Exile_Construction_WoodWall_Static', '76561198073151610', '2016-07-17 23:43:37', 8350.321289, 11296.21582, 14.182175, -0.978205, -0.207642, 0, 0, 0, 1, 0, '000000', 0, 2, '2016-07-31 03:13:06', '2016-07-31 03:13:06'),
	(223, 'Exile_Construction_WoodFloor_Static', '76561198073151610', '2016-07-17 23:43:53', 8348.754883, 11289.75, 19.562073, 0.207642, -0.978205, 0, 0, 0, 1, 0, '000000', 0, 2, '2016-07-31 03:13:06', '2016-07-31 03:13:06'),
	(224, 'Exile_Construction_WoodFloor_Static', '76561198125788747', '2016-07-17 23:43:59', 8880.680664, 11892.0458984, 4.958115, 0.540527, -0.841327, 0, 0, 0, 1, 0, '000000', 0, 5, '2016-07-31 03:13:06', '2016-07-31 03:13:06'),
	(225, 'Exile_Construction_WoodFloor_Static', '76561198073151610', '2016-07-17 23:44:06', 8347.508789, 11295.619141, 17.37381, 0.207642, -0.978205, 0, 0, 0, 1, 0, '000000', 0, 2, '2016-07-31 03:13:06', '2016-07-31 03:13:06'),
	(226, 'Exile_Construction_WoodFloor_Static', '76561198125788747', '2016-07-17 23:44:16', 8883.924805, 11886.998047, 5.187164, -0.841309, -0.540555, 0, 0, 0, 1, 0, '000000', 0, 5, '2016-07-31 03:13:06', '2016-07-31 03:13:06'),
	(227, 'Exile_Construction_WoodFloorPort_Static', '76561198125788747', '2016-07-17 23:50:24', 8905.554688, 11886.631836, 5.103561, 0.841327, 0.540527, 0, 0, 0, 1, 0, '000000', 0, 5, '2016-07-31 03:13:06', '2016-07-31 03:13:06'),
	(228, 'Exile_Construction_WoodStairs_Static', '76561198125788747', '2016-07-17 23:50:50', 8905.554688, 11886.631836, 2.353561, -0.841309, -0.540555, 0, 0, 0, 1, 0, '000000', 0, 5, '2016-07-31 03:13:06', '2016-07-31 03:13:06'),
	(229, 'Exile_Construction_WoodStairs_Static', '76561198125788747', '2016-07-17 23:52:18', 8897, 11884.0449219, -665487.4375, -0.959509, 0.281678, 0, 0, 0, 1, 0, '000000', 0, NULL, '2016-07-31 03:13:06', NULL),
	(230, 'Exile_Construction_WoodFloor_Static', '76561198125788747', '2016-07-17 23:54:18', 8895.458984, 11880.145508, 5.487381, -0.540527, 0.841326, 0, 0, 0, 1, 0, '000000', 0, 5, '2016-07-31 03:13:06', '2016-07-31 03:13:06'),
	(231, 'Exile_Construction_WoodFloor_Static', '76561198125788747', '2016-07-17 23:54:35', 8887.167969, 11881.950195, 5.391922, -0.841309, -0.540555, 0, 0, 0, 1, 0, '000000', 0, 5, '2016-07-31 03:13:06', '2016-07-31 03:13:06'),
	(232, 'Exile_Construction_WoodFloor_Static', '76561198125788747', '2016-07-17 23:54:56', 8892.21582, 11885.193359, 5.338898, -0.841309, -0.540555, 0, 0, 0, 1, 0, '000000', 0, 5, '2016-07-31 03:13:06', '2016-07-31 03:13:06'),
	(234, 'Exile_Construction_WoodFloor_Static', '76561198125788747', '2016-07-17 23:57:29', 8888.972656, 11890.241211, 5.0991211, -0.841309, -0.540555, 0, 0, 0, 1, 0, '000000', 0, 5, '2016-07-31 03:13:06', '2016-07-31 03:13:06'),
	(235, 'Exile_Construction_WoodFloor_Static', '76561198125788747', '2016-07-17 23:57:45', 8885.729492, 11895.289063, 4.919312, -0.841309, -0.540555, 0, 0, 0, 1, 0, '000000', 0, 5, '2016-07-31 03:13:06', '2016-07-31 03:13:06'),
	(236, 'Exile_Construction_WoodFloor_Static', '76561198125788747', '2016-07-17 23:58:03', 8900.506836, 11883.388672, 5.421097, -0.540527, 0.841326, 0, 0, 0, 1, 0, '000000', 0, 5, '2016-07-31 03:13:06', '2016-07-31 03:13:06'),
	(237, 'Exile_Construction_WoodFloor_Static', '76561198125788747', '2016-07-18 00:00:11', 8897.263672, 11888.436523, 5.290283, -0.841309, -0.540555, 0, 0, 0, 1, 0, '000000', 0, 5, '2016-07-31 03:13:06', '2016-07-31 03:13:06'),
	(238, 'Exile_Construction_WoodFloor_Static', '76561198125788747', '2016-07-18 00:00:28', 8894.0205078, 11893.484375, 5.0851746, -0.841309, -0.540555, 0, 0, 0, 1, 0, '000000', 0, 5, '2016-07-31 03:13:06', '2016-07-31 03:13:06'),
	(239, 'Exile_Construction_WoodFloor_Static', '76561198125788747', '2016-07-18 00:00:46', 8890.777344, 11898.532227, 4.820679, -0.841309, -0.540555, 0, 0, 0, 1, 0, '000000', 0, 5, '2016-07-31 03:13:06', '2016-07-31 03:13:06'),
	(240, 'Exile_Construction_WoodFloor_Static', '76561198125788747', '2016-07-18 00:01:04', 8902.311523, 11891.679688, 5.0908966, -0.841309, -0.540555, 0, 0, 0, 1, 0, '000000', 0, 5, '2016-07-31 03:13:06', '2016-07-31 03:13:06'),
	(241, 'Exile_Construction_WoodFloor_Static', '76561198125788747', '2016-07-18 00:02:58', 8899.0683594, 11896.727539, 5.0968323, -0.841309, -0.540555, 0, 0, 0, 1, 0, '000000', 0, 5, '2016-07-31 03:13:06', '2016-07-31 03:13:06'),
	(242, 'Exile_Construction_WoodFloor_Static', '76561198125788747', '2016-07-18 00:03:15', 8896.25293, 11901.0214844, 4.979675, 0.842346, 0.538937, 0, 0, 0, 1, 0, '000000', 0, 5, '2016-07-31 03:13:06', '2016-07-31 03:13:06'),
	(243, 'Exile_Construction_WoodFloor_Static', '76561198125788747', '2016-07-18 00:05:37', 8895.824219, 11901.775391, 4.846649, 0.540527, -0.841327, 0, 0, 0, 1, 0, '000000', 0, 5, '2016-07-31 03:13:06', '2016-07-31 03:13:06'),
	(244, 'Exile_Construction_WoodFloor_Static', '76561198125788747', '2016-07-18 00:06:19', 8904.0498047, 11885.617188, 2.253433, 0.539102, -0.84224, 0, 0, 0, 1, 0, '000000', 0, 5, '2016-07-31 03:13:06', '2016-07-31 03:13:06'),
	(246, 'Exile_Construction_WoodWall_Static', '76561198125788747', '2016-07-18 00:07:57', 8907.108398, 11884.212891, 5.357193, -0.540555, 0.841309, 0, 0, 0, 1, 0, '000000', 0, 5, '2016-07-31 03:13:06', '2016-07-31 03:13:06'),
	(247, 'Exile_Construction_WoodWall_Static', '76561198125788747', '2016-07-18 00:08:15', 8903.865234, 11889.260742, 5.347977, 0.540555, -0.841309, 0, 0, 0, 1, 0, '000000', 0, 5, '2016-07-31 03:13:06', '2016-07-31 03:13:06'),
	(250, 'Exile_Construction_WoodWall_Static', '76561198125788747', '2016-07-18 00:10:44', 8907.973633, 11888.185547, 5.305664, 0.841309, 0.540555, 0, 0, 0, 1, 0, '000000', 0, 5, '2016-07-31 03:13:06', '2016-07-31 03:13:06'),
	(251, 'Exile_Construction_WoodDoor_Static', '76561198125788747', '2016-07-18 00:10:56', 8903.135742, 11885.078125, 5.517883, 0.841309, 0.540555, 0, 0, 0, 1, -1, '5225', 0, 5, '2016-07-31 03:13:06', '2016-07-31 03:13:06'),
	(252, 'Exile_Construction_WoodFloor_Static', '76561198125788747', '2016-07-18 00:12:05', 8905.554688, 11886.631836, 8.353561, -0.540527, 0.841326, 0, 0, 0, 1, 0, '000000', 0, 5, '2016-07-31 03:13:06', '2016-07-31 03:13:06'),
	(253, 'Exile_Construction_WoodWall_Static', '76561198125788747', '2016-07-18 00:12:41', 8898.953125, 11885.807617, 5.621811, -0.540527, 0.841326, 0, 0, 0, 1, 0, '000000', 0, 5, '2016-07-31 03:13:06', '2016-07-31 03:13:06'),
	(254, 'Exile_Construction_WoodWall_Static', '76561198125788747', '2016-07-18 00:12:49', 8902.0605469, 11880.969727, 5.720398, -0.540527, 0.841326, 0, 0, 0, 1, 0, '000000', 0, 5, '2016-07-31 03:13:06', '2016-07-31 03:13:06'),
	(255, 'Exile_Construction_WoodWall_Static', '76561198125788747', '2016-07-18 00:13:24', 8898.0878906, 11881.834961, 5.703857, -0.841327, -0.540527, 0, 0, 0, 1, 0, '000000', 0, 5, '2016-07-31 03:13:06', '2016-07-31 03:13:06'),
	(256, 'Exile_Construction_WoodFloorPort_Static', '76561198125788747', '2016-07-18 00:15:19', 8900.716797, 11883.524414, 8.669144, 0.841309, 0.540555, 0, 0, 0, 1, 0, '000000', 0, 5, '2016-07-31 03:13:06', '2016-07-31 03:13:06'),
	(257, 'Exile_Construction_WoodStairs_Static', '76561198125788747', '2016-07-18 00:15:37', 8900.712891, 11883.52832, 5.529953, 0.83963, 0.537447, 0.0785646, -0.0645233, -0.0449268, 0.996904, 0, '000000', 0, 5, '2016-07-31 03:13:06', '2016-07-31 03:13:06'),
	(258, 'Exile_Construction_WoodFloor_Static', '76561198125788747', '2016-07-18 12:43:30', 8897.473633, 11888.572266, 8.536545, 0.841309, 0.540555, 0, 0, 0, 1, 0, '000000', 0, 5, '2016-07-31 03:13:06', '2016-07-31 03:13:06'),
	(259, 'Exile_Construction_WoodFloor_Static', '76561198125788747', '2016-07-18 12:43:40', 8902.521484, 11891.81543, 8.336594, 0.841309, 0.540555, 0, 0, 0, 1, 0, '000000', 0, 5, '2016-07-31 03:13:06', '2016-07-31 03:13:06'),
	(260, 'Exile_Construction_WoodWall_Static', '76561198125788747', '2016-07-18 12:45:47', 8900.967773, 11894.234375, 8.602356, -0.540555, 0.841309, 0, 0, 0, 1, 0, '000000', 0, 5, '2016-07-31 03:13:06', '2016-07-31 03:13:06'),
	(261, 'Exile_Construction_WoodFloorPort_Static', '76561198125788747', '2016-07-18 12:46:01', 8902.521484, 11891.81543, 11.586594, -0.540527, 0.841326, 0, 0, 0, 1, 0, '000000', 0, 5, '2016-07-31 03:13:06', '2016-07-31 03:13:06'),
	(262, 'Exile_Construction_WoodFloor_Static', '76561198125788747', '2016-07-18 12:49:09', 8905.764648, 11886.767578, 11.600052, -0.540527, 0.841326, 0, 0, 0, 1, 0, '000000', 0, 5, '2016-07-31 03:13:06', '2016-07-31 03:13:06'),
	(263, 'Exile_Construction_WoodStairs_Static', '76561198125788747', '2016-07-18 12:49:47', 8902.521484, 11891.81543, 8.836594, -0.540527, 0.841326, 0, 0, 0, 1, 0, '000000', 0, 5, '2016-07-31 03:13:06', '2016-07-31 03:13:06'),
	(264, 'Exile_Construction_WoodWall_Static', '76561198125788747', '2016-07-18 12:50:11', 8895.919922, 11890.991211, 8.682632, -0.540555, 0.841309, 0, 0, 0, 1, 0, '000000', 0, 5, '2016-07-31 03:13:06', '2016-07-31 03:13:06'),
	(265, 'Exile_Construction_WoodWall_Static', '76561198125788747', '2016-07-18 12:52:21', 8904.94043, 11893.369141, 8.597794, 0.841309, 0.540555, 0, 0, 0, 1, 0, '000000', 0, 5, '2016-07-31 03:13:06', '2016-07-31 03:13:06'),
	(266, 'Exile_Construction_WoodWall_Static', '76561198125788747', '2016-07-18 12:52:29', 8907.973633, 11888.185547, 8.555664, -0.841327, -0.540527, 0, 0, 0, 1, 0, '000000', 0, 5, '2016-07-31 03:13:06', '2016-07-31 03:13:06'),
	(267, 'Exile_Construction_WoodWall_Static', '76561198125788747', '2016-07-18 12:52:37', 8907.108398, 11884.212891, 8.607193, 0.540527, -0.841327, 0, 0, 0, 1, 0, '000000', 0, 5, '2016-07-31 03:13:06', '2016-07-31 03:13:06'),
	(268, 'Exile_Construction_WoodWall_Static', '76561198125788747', '2016-07-18 12:54:35', 8902.270508, 11881.105469, 8.96843, -0.540555, 0.841309, 0, 0, 0, 1, 0, '000000', 0, 5, '2016-07-31 03:13:06', '2016-07-31 03:13:06'),
	(269, 'Exile_Construction_WoodWall_Static', '76561198125788747', '2016-07-18 12:54:45', 8898.297852, 11881.970703, 8.951172, -0.841309, -0.540555, 0, 0, 0, 1, 0, '000000', 0, 5, '2016-07-31 03:13:06', '2016-07-31 03:13:06'),
	(270, 'Exile_Construction_WoodWall_Static', '76561198125788747', '2016-07-18 12:54:53', 8895.0546875, 11887.0185547, 8.82135, -0.841309, -0.540555, 0, 0, 0, 1, 0, '000000', 0, 5, '2016-07-31 03:13:06', '2016-07-31 03:13:06'),
	(271, 'Exile_Construction_WoodFloor_Static', '76561198125788747', '2016-07-18 12:55:23', 8897.473633, 11888.572266, 11.786545, -0.540527, 0.841326, 0, 0, 0, 1, 0, '000000', 0, 5, '2016-07-31 03:13:06', '2016-07-31 03:13:06'),
	(272, 'Exile_Construction_WoodFloor_Static', '76561198125788747', '2016-07-18 12:58:09', 8900.716797, 11883.524414, 11.919144, -0.841309, -0.540555, 0, 0, 0, 1, 0, '000000', 0, 5, '2016-07-31 03:13:06', '2016-07-31 03:13:06'),
	(273, 'Exile_Construction_WoodWall_Static', '76561198125788747', '2016-07-18 13:02:23', 8898.297852, 11881.970703, 12.201172, -0.841309, -0.540555, 0, 0, 0, 1, 0, '000000', 0, 5, '2016-07-31 03:13:06', '2016-07-31 03:13:06'),
	(274, 'Exile_Construction_WoodWall_Static', '76561198125788747', '2016-07-18 13:02:31', 8902.270508, 11881.105469, 12.21843, 0.540555, -0.841309, 0, 0, 0, 1, 0, '000000', 0, 5, '2016-07-31 03:13:06', '2016-07-31 03:13:06'),
	(275, 'Exile_Construction_WoodWall_Static', '76561198125788747', '2016-07-18 13:02:39', 8907.318359, 11884.348633, 11.856476, -0.540527, 0.841326, 0, 0, 0, 1, 0, '000000', 0, 5, '2016-07-31 03:13:06', '2016-07-31 03:13:06'),
	(276, 'Exile_Construction_WoodFloorPort_Static', '76561198125788747', '2016-07-18 13:02:50', 8900.716797, 11883.524414, 15.169144, -0.841309, -0.540555, 0, 0, 0, 1, 0, '000000', 0, 5, '2016-07-31 03:13:06', '2016-07-31 03:13:06'),
	(277, 'Exile_Construction_WoodWall_Static', '76561198125788747', '2016-07-18 13:05:37', 8908.183594, 11888.321289, 11.801361, -0.841327, -0.540527, 0, 0, 0, 1, 0, '000000', 0, 5, '2016-07-31 03:13:06', '2016-07-31 03:13:06'),
	(278, 'Exile_Construction_WoodWall_Static', '76561198125788747', '2016-07-18 13:05:44', 8895.0546875, 11887.0185547, 12.0713501, -0.841327, -0.540527, 0, 0, 0, 1, 0, '000000', 0, 5, '2016-07-31 03:13:06', '2016-07-31 03:13:06'),
	(279, 'Exile_Construction_WoodWall_Static', '76561198125788747', '2016-07-18 13:05:51', 8895.919922, 11890.991211, 11.932632, -0.540527, 0.841326, 0, 0, 0, 1, 0, '000000', 0, 5, '2016-07-31 03:13:06', '2016-07-31 03:13:06'),
	(280, 'Exile_Construction_WoodWall_Static', '76561198125788747', '2016-07-18 13:05:58', 8900.967773, 11894.234375, 11.852356, -0.540527, 0.841326, 0, 0, 0, 1, 0, '000000', 0, 5, '2016-07-31 03:13:06', '2016-07-31 03:13:06'),
	(281, 'Exile_Construction_WoodWall_Static', '76561198125788747', '2016-07-18 20:41:54', 8904.94043, 11893.369141, 11.847794, -0.841327, -0.540527, 0, 0, 0, 1, 0, '000000', 0, 5, '2016-07-31 03:13:06', '2016-07-31 03:13:06'),
	(282, 'Exile_Construction_WoodStairs_Static', '76561198125788747', '2016-07-18 20:42:05', 8900.716797, 11883.524414, 12.419144, -0.841309, -0.540555, 0, 0, 0, 1, 0, '000000', 0, 5, '2016-07-31 03:13:06', '2016-07-31 03:13:06');
/*!40000 ALTER TABLE `construction` ENABLE KEYS */;


-- Dumping structure for table exile.container
CREATE TABLE IF NOT EXISTS `container` (
  `id` int(11) unsigned NOT NULL AUTO_INCREMENT,
  `class` varchar(64) NOT NULL,
  `spawned_at` datetime NOT NULL DEFAULT CURRENT_TIMESTAMP,
  `account_uid` varchar(32) DEFAULT NULL,
  `is_locked` tinyint(1) NOT NULL DEFAULT '0',
  `position_x` double NOT NULL DEFAULT '0',
  `position_y` double NOT NULL DEFAULT '0',
  `position_z` double NOT NULL DEFAULT '0',
  `direction_x` double NOT NULL DEFAULT '0',
  `direction_y` double NOT NULL DEFAULT '0',
  `direction_z` double NOT NULL DEFAULT '0',
  `up_x` double NOT NULL DEFAULT '0',
  `up_y` double NOT NULL DEFAULT '0',
  `up_z` double NOT NULL DEFAULT '1',
  `cargo_items` text NOT NULL,
  `cargo_magazines` text NOT NULL,
  `cargo_weapons` text NOT NULL,
  `cargo_container` text NOT NULL,
  `last_updated_at` datetime NOT NULL DEFAULT CURRENT_TIMESTAMP ON UPDATE CURRENT_TIMESTAMP,
  `pin_code` varchar(6) NOT NULL DEFAULT '000000',
  `territory_id` int(11) unsigned DEFAULT NULL,
  `deleted_at` datetime DEFAULT NULL,
  `money` int(11) unsigned NOT NULL DEFAULT '0',
  `abandoned` datetime DEFAULT NULL,
  PRIMARY KEY (`id`),
  KEY `account_uid` (`account_uid`),
  KEY `territory_id` (`territory_id`),
  CONSTRAINT `container_ibfk_1` FOREIGN KEY (`account_uid`) REFERENCES `account` (`uid`) ON DELETE CASCADE,
  CONSTRAINT `container_ibfk_2` FOREIGN KEY (`territory_id`) REFERENCES `territory` (`id`) ON DELETE CASCADE
) ENGINE=InnoDB AUTO_INCREMENT=4 DEFAULT CHARSET=utf8 ROW_FORMAT=COMPACT;

-- Dumping data for table exile.container: ~3 rows (approximately)
/*!40000 ALTER TABLE `container` DISABLE KEYS */;
INSERT INTO `container` (`id`, `class`, `spawned_at`, `account_uid`, `is_locked`, `position_x`, `position_y`, `position_z`, `direction_x`, `direction_y`, `direction_z`, `up_x`, `up_y`, `up_z`, `cargo_items`, `cargo_magazines`, `cargo_weapons`, `cargo_container`, `last_updated_at`, `pin_code`, `territory_id`, `deleted_at`, `money`, `abandoned`) VALUES
	(1, 'Exile_Container_CamoTent', '2016-07-17 21:45:19', '76561198045613562', -1, 10907.919922, 7852.0756836, 0.24736, 0.368944, 0.929452, 0, 0, 0, 1, '[[],[]]', '[["Exile_Item_MetalPole",1],["Exile_Item_MetalPole",1],["Exile_Item_MetalBoard",1],["Exile_Item_MetalBoard",1],["Exile_Item_MetalBoard",1],["Exile_Item_MetalBoard",1],["Exile_Item_MetalBoard",1],["Exile_Item_JunkMetal",1],["Exile_Item_JunkMetal",1],["Exile_Item_ExtensionCord",1],["Exile_Item_LightBulb",1],["Exile_Item_LightBulb",1],["Exile_Item_MetalPole",1],["Exile_Item_ExtensionCord",1]]', '[]', '[]', '2016-07-31 03:13:06', '0000', 4, '2016-07-31 03:13:06', 0, NULL),
	(2, 'Exile_Container_Storagecrate', '2016-07-17 23:45:43', '76561198073151610', -1, 8368.701172, 11286.28125, 7.646988, 0.97891, 0.20429, 0, 0, 0, 1, '[[],[]]', '[["Exile_Item_WoodLog",1],["Exile_Item_WoodLog",1],["Exile_Item_WoodLog",1],["Exile_Item_WoodLog",1]]', '[]', '[["B_Bergen_dgtl_F",[],[],[[],[]]]]', '2016-07-31 03:13:06', '0000', 2, '2016-07-31 03:13:06', 0, NULL),
	(3, 'Exile_Container_Storagecrate', '2016-07-17 23:45:50', '76561198073151610', -1, 8363.755859, 11285.297852, 7.397644, 0.978835, 0.20465, 0, 0, 0, 1, '[[],[]]', '[["Exile_Item_Handsaw",1],["Exile_Item_PlasticBottleEmpty",1],["Exile_Item_WoodPlank",1],["Exile_Item_WoodPlank",1],["Exile_Item_WoodPlank",1],["Exile_Item_WoodPlank",1],["Exile_Item_EnergyDrink",1],["Exile_Item_EMRE",1],["Exile_Item_Handsaw",1]]', '[]', '[["B_Carryall_oli",[],[],[[],[]]]]', '2016-07-31 03:13:06', '0000', 2, '2016-07-31 03:13:06', 0, NULL);
/*!40000 ALTER TABLE `container` ENABLE KEYS */;


-- Dumping structure for table exile.player
CREATE TABLE IF NOT EXISTS `player` (
  `id` int(11) unsigned NOT NULL AUTO_INCREMENT,
  `name` varchar(64) NOT NULL,
  `account_uid` varchar(32) NOT NULL,
  `money` int(11) unsigned NOT NULL DEFAULT '0',
  `damage` double unsigned NOT NULL DEFAULT '0',
  `hunger` double unsigned NOT NULL DEFAULT '100',
  `thirst` double unsigned NOT NULL DEFAULT '100',
  `alcohol` double unsigned NOT NULL DEFAULT '0',
  `temperature` double NOT NULL DEFAULT '37',
  `wetness` double unsigned NOT NULL DEFAULT '0',
  `oxygen_remaining` double unsigned NOT NULL DEFAULT '1',
  `bleeding_remaining` double unsigned NOT NULL DEFAULT '0',
  `hitpoints` varchar(255) NOT NULL DEFAULT '[]',
  `direction` double NOT NULL DEFAULT '0',
  `position_x` double NOT NULL DEFAULT '0',
  `position_y` double NOT NULL DEFAULT '0',
  `position_z` double NOT NULL DEFAULT '0',
  `spawned_at` datetime NOT NULL DEFAULT CURRENT_TIMESTAMP,
  `assigned_items` text NOT NULL,
  `backpack` varchar(64) NOT NULL,
  `backpack_items` text NOT NULL,
  `backpack_magazines` text NOT NULL,
  `backpack_weapons` text NOT NULL,
  `current_weapon` varchar(64) NOT NULL,
  `goggles` varchar(64) NOT NULL,
  `handgun_items` text NOT NULL,
  `handgun_weapon` varchar(64) NOT NULL,
  `headgear` varchar(64) NOT NULL,
  `binocular` varchar(64) NOT NULL,
  `loaded_magazines` text NOT NULL,
  `primary_weapon` varchar(64) NOT NULL,
  `primary_weapon_items` text NOT NULL,
  `secondary_weapon` varchar(64) NOT NULL,
  `secondary_weapon_items` text NOT NULL,
  `uniform` varchar(64) NOT NULL,
  `uniform_items` text NOT NULL,
  `uniform_magazines` text NOT NULL,
  `uniform_weapons` text NOT NULL,
  `vest` varchar(64) NOT NULL,
  `vest_items` text NOT NULL,
  `vest_magazines` text NOT NULL,
  `vest_weapons` text NOT NULL,
  `last_updated_at` datetime NOT NULL DEFAULT CURRENT_TIMESTAMP ON UPDATE CURRENT_TIMESTAMP,
  PRIMARY KEY (`id`),
  KEY `player_uid` (`account_uid`),
  CONSTRAINT `player_ibfk_1` FOREIGN KEY (`account_uid`) REFERENCES `account` (`uid`) ON DELETE CASCADE
) ENGINE=InnoDB AUTO_INCREMENT=30 DEFAULT CHARSET=utf8;

-- Dumping data for table exile.player: ~17 rows (approximately)
/*!40000 ALTER TABLE `player` DISABLE KEYS */;
INSERT INTO `player` (`id`, `name`, `account_uid`, `money`, `damage`, `hunger`, `thirst`, `alcohol`, `temperature`, `wetness`, `oxygen_remaining`, `bleeding_remaining`, `hitpoints`, `direction`, `position_x`, `position_y`, `position_z`, `spawned_at`, `assigned_items`, `backpack`, `backpack_items`, `backpack_magazines`, `backpack_weapons`, `current_weapon`, `goggles`, `handgun_items`, `handgun_weapon`, `headgear`, `binocular`, `loaded_magazines`, `primary_weapon`, `primary_weapon_items`, `secondary_weapon`, `secondary_weapon_items`, `uniform`, `uniform_items`, `uniform_magazines`, `uniform_weapons`, `vest`, `vest_items`, `vest_magazines`, `vest_weapons`, `last_updated_at`) VALUES
	(1, 'Maurice Moss', '76561198045613562', 1972, 0.767717, 69.694794, 81.781624, 0, 37, 0, 1, 0, '[["face_hub",0.767717],["neck",0.767717],["head",0.767717],["pelvis",0.767717],["spine1",0.767717],["spine2",0.767717],["spine3",0.767717],["body",0.767717],["arms",0.767717],["head_hit",0.767717],["hand_r",0.767717]]', 153.443329, 12837.803711, 7412.277344, 3.550261, '2016-07-17 17:07:08', '["ItemMap","ItemCompass","Exile_Item_XM8","ItemRadio","ItemGPS","Binocular"]', 'B_Carryall_khk', '[["ItemRadio",1]]', '[["Exile_Item_Sand",1],["Exile_Item_PlasticBottleFreshWater",1]]', '[["Exile_Melee_Shovel",1]]', '', '', '["","","",""]', 'hgun_P07_khk_F', 'H_HelmetB_grass', 'Binocular', '[["Exile_Melee_SledgeHammer","Exile_Magazine_Swoosh",999,"Exile_Melee_SledgeHammer"],["hgun_P07_khk_F","16Rnd_9x21_green_Mag",13,"hgun_P07_khk_F"]]', '', '["","","",""]', 'Exile_Melee_SledgeHammer', '["","","",""]', 'U_B_T_Sniper_F', '[]', '[["Exile_Item_ZipTie",1],["Exile_Item_ZipTie",1],["Exile_Item_Surstromming",1],["Exile_Item_Surstromming",1],["16Rnd_9x21_green_Mag",16],["16Rnd_9x21_Mag",16],["16Rnd_9x21_Mag",16],["16Rnd_9x21_Mag",16],["16Rnd_9x21_Mag",16],["Exile_Item_GloriousKnakworst",1],["Exile_Item_PlasticBottleFreshWater",1]]', '[]', 'V_TacVest_blk_POLICE', '[]', '[["16Rnd_9x21_green_Mag",16],["16Rnd_9x21_green_Mag",16],["16Rnd_9x21_green_Mag",16],["16Rnd_9x21_green_Mag",16],["16Rnd_9x21_green_Mag",16],["16Rnd_9x21_green_Mag",16],["5Rnd_127x108_APDS_Mag",5],["5Rnd_127x108_APDS_Mag",5],["5Rnd_127x108_APDS_Mag",5],["5Rnd_127x108_APDS_Mag",5]]', '[]', '2016-07-17 22:07:44'),
	(2, 'Lifeman', '76561198073151610', 40000, 0, 75.0655518, 74.941322, 0, 37, 0, 1, 0, '[["face_hub",0],["neck",0],["head",0],["pelvis",0],["spine1",0],["spine2",0],["spine3",0],["body",0],["arms",0],["head_hit",0],["hand_r",0]]', 236.0879517, 8360.607422, 11307.287109, 0.000778198, '2016-07-17 17:08:50', '["ItemMap","ItemCompass","Exile_Item_XM8","ItemRadio","ItemGPS","O_NVGoggles_hex_F","Rangefinder"]', 'B_Bergen_tna_F', '[["optic_Nightstalker",1]]', '[["Exile_Item_DuctTape",1],["Exile_Magazine_6Rnd_45ACP",6],["Exile_Magazine_6Rnd_45ACP",6],["Exile_Magazine_6Rnd_45ACP",6],["Exile_Item_EMRE",1],["Exile_Item_CanOpener",1],["Exile_Item_PlasticBottleCoffee",1],["5Rnd_127x108_APDS_Mag",5],["5Rnd_127x108_APDS_Mag",5],["5Rnd_127x108_APDS_Mag",5],["5Rnd_127x108_APDS_Mag",5],["5Rnd_127x108_APDS_Mag",5],["5Rnd_127x108_APDS_Mag",5],["5Rnd_127x108_APDS_Mag",5],["Exile_Item_DuctTape",1],["Exile_Item_PlasticBottleCoffee",1],["Exile_Item_EnergyDrink",1],["Exile_Item_MetalBoard",1],["Exile_Item_EMRE",1]]', '[]', '', '', '["","","",""]', 'Exile_Weapon_TaurusGold', 'H_Booniehat_dgtl', 'Rangefinder', '[["srifle_GM6_ghex_F","5Rnd_127x108_APDS_Mag",5,"srifle_GM6_ghex_F"],["Exile_Melee_Axe","Exile_Magazine_Swing",604,"Exile_Melee_Axe"],["Exile_Weapon_TaurusGold","Exile_Magazine_6Rnd_45ACP",6,"Exile_Weapon_TaurusGold"]]', 'srifle_GM6_ghex_F', '["","","optic_LRPS_tna_F",""]', 'Exile_Melee_Axe', '["","","",""]', 'U_O_FullGhillie_sard', '[]', '[["5Rnd_127x108_APDS_Mag",1],["Exile_Item_PlasticBottleCoffee",1],["Exile_Item_PlasticBottleCoffee",1],["Exile_Item_PlasticBottleEmpty",1]]', '[]', 'V_PlateCarrierGL_tna_F', '[]', '[["Exile_Item_InstaDoc",1],["Exile_Item_InstaDoc",1],["Exile_Item_Bandage",1],["Exile_Item_Bandage",1],["5Rnd_127x108_APDS_Mag",5],["5Rnd_127x108_APDS_Mag",5],["Exile_Magazine_6Rnd_45ACP",6],["Exile_Magazine_6Rnd_45ACP",6],["5Rnd_127x108_APDS_Mag",3],["Exile_Item_PlasticBottleCoffee",1],["Exile_Item_PlasticBottleCoffee",1],["5Rnd_127x108_APDS_Mag",4]]', '[]', '2016-07-18 01:42:41'),
	(4, 'Almighty-Norris', '76561198079614468', 3052, 0.00393701, 93.698051, 89.610619, 0, 36.989929, 0, 1, 0, '[["face_hub",0.00393701],["neck",0.00393701],["head",0.00393701],["pelvis",0.00393701],["spine1",0.00393701],["spine2",0.00393701],["spine3",0.00393701],["body",0.00393701],["arms",0.00393701],["hands",0.00393701],["legs",0.00393701]]', 282.970123, 8343.25293, 11311.1875, 0.000671387, '2016-07-17 17:57:14', '["ItemMap","ItemCompass","Exile_Item_XM8","ItemRadio"]', 'B_ViperHarness_blk_F', '[]', '[]', '[]', '', 'G_Aviator', '["","","",""]', '', 'H_HelmetB_light_black', '', '[["arifle_MXM_Black_F","30Rnd_65x39_caseless_mag",30,"arifle_MXM_Black_F"],["Exile_Melee_Axe","Exile_Magazine_Swing",652,"Exile_Melee_Axe"]]', 'arifle_MXM_Black_F', '["","","optic_ACO_grn","bipod_01_F_mtp"]', 'Exile_Melee_Axe', '["","","",""]', 'U_I_GhillieSuit', '[]', '[["30Rnd_65x39_caseless_mag",30],["30Rnd_65x39_caseless_mag",30],["30Rnd_65x39_caseless_mag",30],["30Rnd_65x39_caseless_mag",30],["30Rnd_65x39_caseless_mag",30],["Exile_Item_CanOpener",1],["Exile_Item_MountainDupe",1]]', '[]', 'V_PlateCarrierGL_blk', '[]', '[["Exile_Item_SausageGravy",1],["Exile_Item_GloriousKnakworst",1],["Exile_Item_PowerDrink",1],["Exile_Item_Cheathas",1],["Exile_Item_MountainDupe",1],["Exile_Item_MountainDupe",1],["Exile_Item_PowerDrink",1]]', '[]', '2016-07-18 00:23:12'),
	(9, '[CPL] L. Cording [117]', '76561198125788747', 386, 0.145669, 88.0886154, 80.769562, 0, 36.988419, 0, 1, 0, '[["face_hub",0.145669],["neck",0.145669],["head",0.145669],["pelvis",0.145669],["spine1",0.145669],["spine2",0.145669],["spine3",0.145669],["body",0.145669],["arms",0.145669],["hands",0.145669],["legs",0.145669]]', 135.596481, 8883.365234, 11885.341797, 0.00151062, '2016-07-17 21:54:20', '["ItemMap","ItemCompass","Exile_Item_XM8","ItemRadio"]', 'B_Bergen_tna_F', '[]', '[["Exile_Item_WoodLog",1],["Exile_Item_WoodPlank",1],["Exile_Item_WoodPlank",1]]', '[]', '', 'G_Aviator', '["","","",""]', '', '', '', '[["Exile_Melee_Axe","Exile_Magazine_Swing",708,"Exile_Melee_Axe"]]', '', '["","","",""]', 'Exile_Melee_Axe', '["","","",""]', 'U_B_T_Soldier_AR_F', '[]', '[["Exile_Item_Handsaw",1]]', '[]', 'V_PlateCarrier1_tna_F', '[]', '[]', '[]', '2016-07-18 20:43:43'),
	(10, 'john', '76561198128088379', 0, 0, 99.973236, 99.95742, 0, 36.757927, 0, 1, 0, '[["face_hub",0],["neck",0],["head",0],["pelvis",0],["spine1",0],["spine2",0],["spine3",0],["body",0],["arms",0],["hands",0],["legs",0]]', 30.611643, 10904.163086, 6325.181152, 0.550265, '2016-07-18 16:15:32', '["ItemMap","ItemCompass","Exile_Item_XM8","ItemRadio"]', 'B_Kitbag_sgg', '[["optic_MRD",1]]', '[["30Rnd_9x21_Mag_SMG_02_Tracer_Red",30]]', '[]', 'SMG_05_F', '', '["","","",""]', 'Exile_Weapon_Colt1911', 'H_Cap_blu', '', '[["SMG_05_F","30Rnd_9x21_Mag_SMG_02_Tracer_Red",30,"SMG_05_F"],["Exile_Weapon_Colt1911","Exile_Magazine_7Rnd_45ACP",7,"Exile_Weapon_Colt1911"]]', 'SMG_05_F', '["","","",""]', '', '["","","",""]', 'U_C_Scientist', '[]', '[["Exile_Item_PlasticBottleFreshWater",1],["Exile_Item_PlasticBottleEmpty",1],["Exile_Item_PlasticBottleEmpty",1],["Exile_Item_Raisins",1]]', '[]', '', '[]', '[]', '[]', '2016-07-18 16:22:14'),
	(11, 'Caine', '76561198124859373', 0, 0, 59.565372, 38.636555, 0, 37, 0, 1, 0, '[["face_hub",0],["neck",0],["head",0],["pelvis",0],["spine1",0],["spine2",0],["spine3",0],["body",0],["arms",0],["hands",0],["legs",0]]', 312.519104, 10596.610352, 10485.807617, 0.00437927, '2016-07-20 08:15:12', '["ItemMap","ItemCompass","Exile_Item_XM8","ItemRadio","ItemGPS","Binocular"]', 'B_Carryall_mcamo', '[["Exile_Headgear_GasMask",1]]', '[["Exile_Item_Cheathas",1],["Exile_Item_MountainDupe",1]]', '[]', '', '', '["","","",""]', '', 'H_Hat_tan', 'Binocular', '[]', '', '["","","",""]', '', '["","","",""]', 'U_C_Poloshirt_blue', '[]', '[["Exile_Item_PlasticBottleFreshWater",1],["Exile_Item_ChristmasTinner",1],["Exile_Item_SeedAstics",1],["Exile_Item_CanOpener",1]]', '[]', 'V_TacVest_blk_POLICE', '[]', '[["Exile_Item_BeefParts",1],["Exile_Item_MountainDupe",1],["Exile_Item_ChocolateMilk",1],["Exile_Item_SausageGravy",1],["Exile_Item_Pliers",1],["30Rnd_556x45_Stanag_Tracer_Yellow",30],["30Rnd_556x45_Stanag_Tracer_Yellow",30],["30Rnd_556x45_Stanag_Tracer_Yellow",30],["Exile_Item_JunkMetal",1]]', '[]', '2016-07-20 08:51:42'),
	(17, 'aircode', '76561198011471415', 0, 0, 100, 100, 0, 36.964691, 0, 1, 0, '[["face_hub",0],["neck",0],["head",0],["pelvis",0],["spine1",0],["spine2",0],["spine3",0],["body",0],["arms",0],["hands",0],["legs",0]]', 160.299866, 10907.527344, 6397.740723, 0.00141001, '2016-07-21 13:19:38', '["ItemMap","ItemCompass","Exile_Item_XM8","ItemRadio"]', '', '[]', '[]', '[]', '', '', '["","","",""]', '', '', '', '[]', '', '["","","",""]', '', '["","","",""]', 'Exile_Uniform_BambiOverall', '[]', '[["Exile_Item_PlasticBottleFreshWater",1]]', '[]', '', '[]', '[]', '[]', '2016-07-21 13:21:24'),
	(18, '[SBD] BOXBOX', '76561198089927114', 0, 0, 94.18325, 91.148079, 0, 37, 0, 1, 0, '[["face_hub",0],["neck",0],["head",0],["pelvis",0],["spine1",0],["spine2",0],["spine3",0],["body",0],["arms",0],["hands",0],["legs",0]]', 240.958405, 7998.509277, 12416.804688, 0.0015564, '2016-07-22 07:04:52', '["ItemMap","ItemCompass","Exile_Item_XM8","ItemRadio"]', '', '[]', '[]', '[]', '', '', '["","","",""]', '', '', '', '[]', '', '["","","",""]', '', '["","","",""]', 'Exile_Uniform_BambiOverall', '[]', '[["Exile_Item_PlasticBottleFreshWater",1]]', '[]', '', '[]', '[]', '[]', '2016-07-22 07:13:54'),
	(20, 'Ice', '76561198126390308', 5119, 0.271654, 62.819145, 87.796082, 0, 36.901592, 0, 1, 0, '[["face_hub",0.271654],["neck",0.271654],["head",0.271654],["pelvis",0.271654],["spine1",0.271654],["spine2",0.271654],["spine3",0.271654],["body",0.271654],["arms",0.271654],["head_hit",0.271654],["hand_r",0.271654]]', 319.179871, 10938.794922, 8247.339844, 0.00062561, '2016-07-22 21:02:51', '["ItemMap","ItemCompass","Exile_Item_XM8","ItemRadio","Binocular"]', 'B_OutdoorPack_blk', '[]', '[["30Rnd_45ACP_Mag_SMG_01_Tracer_Green",30],["Exile_Item_Cheathas",1]]', '[]', 'arifle_SPAR_01_khk_F', 'G_Bandanna_beast', '["","","",""]', '', '', 'Binocular', '[["arifle_SPAR_01_khk_F","30Rnd_556x45_Stanag",30,"arifle_SPAR_01_khk_F"]]', 'arifle_SPAR_01_khk_F', '["","","optic_MRCO",""]', '', '["","","",""]', 'U_I_C_Soldier_Bandit_3_F', '[]', '[["Exile_Item_PlasticBottleEmpty",1],["30Rnd_556x45_Stanag",30],["30Rnd_556x45_Stanag_Tracer_Yellow",30],["30Rnd_556x45_Stanag_Tracer_Yellow",30]]', '[]', 'V_HarnessOGL_ghex_F', '[]', '[["30Rnd_556x45_Stanag_Tracer_Yellow",30],["30Rnd_556x45_Stanag_Tracer_Yellow",30],["30Rnd_556x45_Stanag_Tracer_Yellow",30],["Exile_Item_MountainDupe",1],["Exile_Item_MountainDupe",1],["Exile_Item_MountainDupe",1],["Exile_Item_MountainDupe",1],["Exile_Item_MountainDupe",1],["Exile_Item_MountainDupe",1],["Exile_Item_Noodles",1],["Exile_Item_Noodles",1],["Exile_Item_Noodles",1],["Exile_Item_Noodles",1]]', '[]', '2016-07-24 20:58:40'),
	(21, 'Army', '76561198092078240', 0, 0, 78.591232, 67.100502, 0, 37, 0, 1, 0, '[["face_hub",0],["neck",0],["head",0],["pelvis",0],["spine1",0],["spine2",0],["spine3",0],["body",0],["arms",0],["hands",0],["legs",0]]', 24.295198, 7502.0146484, 7327.703125, 0.513581, '2016-07-22 21:20:38', '["ItemMap","ItemCompass","Exile_Item_XM8","ItemRadio","ItemGPS"]', 'B_OutdoorPack_blk', '[]', '[["Exile_Item_PlasticBottleFreshWater",1],["Exile_Item_SausageGravy",1],["Exile_Item_FuelCanisterEmpty",1]]', '[]', '', '', '["","","",""]', '', 'H_Hat_grey', '', '[]', '', '["","","",""]', '', '["","","",""]', 'U_C_man_sport_3_F', '[]', '[["Exile_Item_MacasCheese",1],["Exile_Item_MacasCheese",1]]', '[]', 'V_Press_F', '[]', '[]', '[]', '2016-07-22 21:40:38'),
	(22, 'Akille', '76561198088912801', 1, 0.169291, 82.789284, 73.930008, 0, 37, 0, 1, 0, '[["face_hub",0.169291],["neck",0.169291],["head",0.169291],["pelvis",0.169291],["spine1",0.169291],["spine2",0.169291],["spine3",0.169291],["body",0.169291],["arms",0.169291],["hands",0.169291],["legs",0.169291]]', 213.697601, 7985.10498, 12416.385742, 0.00171661, '2016-07-23 09:35:02', '["ItemMap","ItemCompass","Exile_Item_XM8","ItemRadio"]', 'B_AssaultPack_tna_F', '[]', '[]', '[]', '', 'G_Balaclava_combat', '["","","",""]', '', '', '', '[]', '', '["","","",""]', '', '["","","",""]', 'U_I_C_Soldier_Bandit_1_F', '[]', '[]', '[]', 'V_HarnessO_brn', '[]', '[["Exile_Item_PlasticBottleFreshWater",1],["Exile_Item_EnergyDrink",1]]', '[]', '2016-07-23 09:52:02'),
	(23, 'MrWhite', '76561197973720370', 0, 0.248031, 76.229156, 63.566296, 0, 36.9468, 0, 1, 0, '[["face_hub",0.248031],["neck",0.248031],["head",0.248031],["pelvis",0.248031],["spine1",0.248031],["spine2",0.248031],["spine3",0.248031],["body",0.248031],["arms",0.248031],["hands",0.248031],["legs",0.248031]]', 81.219818, 7551.275879, 9906.633789, 0.000175476, '2016-07-24 14:05:50', '["ItemMap","ItemCompass","Exile_Item_XM8","ItemRadio","ItemGPS","Binocular"]', 'B_OutdoorPack_blk', '[["muzzle_snds_L",1],["muzzle_snds_acp",1],["optic_ACO_grn",1]]', '[["Exile_Item_BeefParts",1],["Exile_Item_Cheathas",1],["Exile_Item_MountainDupe",1],["Exile_Item_MountainDupe",1],["Exile_Item_Raisins",1]]', '[]', '', 'G_Aviator', '["","","",""]', '', 'H_Cap_blk_Raven', 'Binocular', '[]', '', '["","","",""]', '', '["","","",""]', 'U_C_Man_casual_6_F', '[["optic_KHS_old",1]]', '[["Exile_Item_PlasticBottleFreshWater",1],["Exile_Item_Noodles",1],["Exile_Item_GloriousKnakworst",1]]', '[]', 'V_TacVest_blk_POLICE', '[]', '[]', '[]', '2016-07-29 15:54:46'),
	(24, 'BlackDemon', '76561198111022856', 0, 0, 93.698494, 90.177422, 0, 37, 0.822782, 1, 0, '[["face_hub",0],["neck",0],["head",0],["pelvis",0],["spine1",0],["spine2",0],["spine3",0],["body",0],["arms",0],["hands",0],["legs",0]]', 81.0608749, 9381.0585938, 6199.437012, 0.450106, '2016-07-24 14:36:48', '["ItemMap","ItemCompass","Exile_Item_XM8","ItemRadio"]', '', '[]', '[]', '[]', '', 'G_Balaclava_blk', '["","","",""]', '', '', '', '[]', '', '["","","",""]', '', '["","","",""]', 'Exile_Uniform_BambiOverall', '[]', '[["Exile_Item_PlasticBottleFreshWater",1]]', '[]', '', '[]', '[]', '[]', '2016-07-24 14:44:45'),
	(25, '胡扯', '76561198065152179', 0, 0, 100, 100, 0, 37, 0, 1, 0, '[["face_hub",0],["neck",0],["head",0],["pelvis",0],["spine1",0],["spine2",0],["spine3",0],["body",0],["arms",0],["hands",0],["legs",0]]', 113.500977, 10914.634766, 6296.424316, 0.0014925, '2016-07-24 15:13:44', '["ItemMap","ItemCompass","Exile_Item_XM8","ItemRadio"]', '', '[]', '[]', '[]', '', '', '["","","",""]', '', '', '', '[]', '', '["","","",""]', '', '["","","",""]', 'Exile_Uniform_BambiOverall', '[]', '[["Exile_Item_PlasticBottleFreshWater",1]]', '[]', '', '[]', '[]', '[]', '2016-07-24 15:15:02'),
	(27, 'mmar1', '76561198168017360', 7284, 0.389764, 25.49432, 31.596987, 0, 36.938366, 0, 1, 0, '[["face_hub",0.389764],["neck",0.389764],["head",0.389764],["pelvis",0.389764],["spine1",0.389764],["spine2",0.389764],["spine3",0.389764],["body",0.389764],["arms",0.389764],["hands",0.389764],["legs",0.389764]]', 226.152939, 7646.20166, 12659.606445, 0.00107574, '2016-07-24 20:28:02', '["ItemMap","ItemCompass","Exile_Item_XM8","ItemRadio","ItemGPS","Binocular"]', 'B_Kitbag_sgg', '[]', '[]', '[]', 'Binocular', '', '["","","",""]', '', '', 'Binocular', '[]', '', '["","","",""]', '', '["","","",""]', 'U_I_GhillieSuit', '[]', '[["Exile_Item_DsNuts",1]]', '[]', 'V_TacVest_blk_POLICE', '[]', '[["Exile_Item_Noodles",1]]', '[]', '2016-07-28 19:53:38'),
	(28, 'Franz Einsteiger', '76561198087703376', 856, 0.0393701, 68.798103, 52.128559, 0, 36.987202, 0, 1, 0, '[["face_hub",0.0393701],["neck",0.0393701],["head",0.0393701],["pelvis",0.0393701],["spine1",0.0393701],["spine2",0.0393701],["spine3",0.0393701],["body",0.0393701],["arms",0.0393701],["head_hit",0.0393701],["hand_r",0.0393701]]', 20.775856, 14453.796875, 8949.863281, 0.899771, '2016-07-29 17:05:46', '["ItemMap","ItemCompass","Exile_Item_XM8","ItemRadio","ItemGPS"]', 'B_AssaultPack_mcamo', '[]', '[]', '[["hgun_P07_F",1]]', 'srifle_DMR_06_camo_F', 'G_Balaclava_lowprofile', '["","","",""]', 'hgun_P07_F', 'H_Cap_blk_Raven', '', '[["srifle_DMR_06_camo_F","20Rnd_762x51_Mag",20,"srifle_DMR_06_camo_F"],["hgun_P07_F","30Rnd_9x21_Red_Mag",30,"hgun_P07_F"]]', 'srifle_DMR_06_camo_F', '["","","optic_ERCO_snd_F",""]', '', '["","","",""]', 'U_B_T_Sniper_F', '[]', '[["Exile_Item_CockONut",1],["Exile_Item_PowerDrink",1],["Exile_Item_BeefParts",1],["Exile_Magazine_8Rnd_74Slug",8],["Exile_Item_ChristmasTinner",1],["6Rnd_RedSignal_F",6]]', '[]', 'V_HarnessOSpec_gry', '[]', '[["Exile_Item_Heatpack",1],["Exile_Item_InstaDoc",1],["20Rnd_762x51_Mag",20],["Exile_Item_PlasticBottleFreshWater",1],["20Rnd_762x51_Mag",20],["20Rnd_762x51_Mag",20],["Exile_Item_ChocolateMilk",1],["Exile_Item_InstantCoffee",1],["Exile_Item_PlasticBottleFreshWater",1],["Exile_Item_MountainDupe",1],["Exile_Item_MountainDupe",1]]', '[]', '2016-07-31 12:00:29'),
	(29, 'TEAMsl1xx', '76561197994930572', 0, 0, 82.193634, 72.744934, 0, 37, 0, 1, 0, '[["face_hub",0],["neck",0],["head",0],["pelvis",0],["spine1",0],["spine2",0],["spine3",0],["body",0],["arms",0],["hands",0],["legs",0]]', 178.391129, 14444.319336, 8909.77832, 0.00119257, '2016-07-31 11:42:34', '["ItemMap","ItemCompass","Exile_Item_XM8","ItemRadio"]', 'B_AssaultPack_rgr', '[]', '[["Exile_Item_Noodles",1],["Exile_Item_CockONut",1],["10Rnd_762x54_Mag",10],["10Rnd_762x54_Mag",10],["Exile_Item_Vishpirin",1]]', '[]', 'srifle_DMR_01_F', 'G_Bandanna_aviator', '["","","",""]', 'hgun_Pistol_heavy_01_F', 'H_Cap_blk_Raven', '', '[["srifle_DMR_01_F","10Rnd_762x54_Mag",10,"srifle_DMR_01_F"],["hgun_Pistol_heavy_01_F","11Rnd_45ACP_Mag",11,"hgun_Pistol_heavy_01_F"]]', 'srifle_DMR_01_F', '["","","",""]', '', '["","","",""]', 'U_C_Journalist', '[]', '[["11Rnd_45ACP_Mag",11],["11Rnd_45ACP_Mag",11],["Exile_Item_CatFood",1]]', '[]', 'V_Press_F', '[["muzzle_snds_L",1]]', '[["Exile_Item_Surstromming",1],["Exile_Item_PlasticBottleFreshWater",1],["Exile_Item_ChocolateMilk",1],["Exile_Item_MacasCheese",1],["Exile_Item_ChocolateMilk",1],["Exile_Item_SausageGravy",1]]', '[]', '2016-07-31 11:57:58');
/*!40000 ALTER TABLE `player` ENABLE KEYS */;


-- Dumping structure for table exile.player_history
CREATE TABLE IF NOT EXISTS `player_history` (
  `id` int(11) unsigned NOT NULL AUTO_INCREMENT,
  `account_uid` varchar(32) NOT NULL,
  `name` varchar(64) NOT NULL,
  `died_at` datetime NOT NULL DEFAULT CURRENT_TIMESTAMP,
  `position_x` double NOT NULL,
  `position_y` double NOT NULL,
  `position_z` double NOT NULL,
  PRIMARY KEY (`id`)
) ENGINE=InnoDB AUTO_INCREMENT=13 DEFAULT CHARSET=utf8;

-- Dumping data for table exile.player_history: ~12 rows (approximately)
/*!40000 ALTER TABLE `player_history` DISABLE KEYS */;
INSERT INTO `player_history` (`id`, `account_uid`, `name`, `died_at`, `position_x`, `position_y`, `position_z`) VALUES
	(1, '76561198125788747', '[CPL] L. Cording [117]', '2016-07-17 18:33:16', 10032.7, 11799.6, 0.00143433),
	(2, '76561198125788747', '[CPL] L. Cording [117]', '2016-07-17 18:42:38', 10032.8, 11799.4, 0.00143433),
	(3, '76561198125788747', '[CPL] L. Cording [117]', '2016-07-17 19:14:15', 12381.4, 12334.9, 0.0028801),
	(4, '76561198125788747', '[CPL] L. Cording [117]', '2016-07-17 19:46:05', 7464.38, 9663.99, 1.03194),
	(5, '76561198125788747', '[CPL] L. Cording [117]', '2016-07-17 21:53:55', 7516.7, 9673.07, 0.00166321),
	(6, '76561198122113894', 'Deedee', '2016-07-21 10:40:14', 14165, 8556.75, 0.00144005),
	(7, '76561198122113894', 'Deedee', '2016-07-21 10:43:04', 14415.3, 9002.96, 237.275),
	(8, '76561198122113894', 'Deedee', '2016-07-21 11:22:31', 14202, 8549.59, 0.00151968),
	(9, '76561198122113894', 'Deedee', '2016-07-21 11:30:18', 14388.7, 8896.49, 0.0013628),
	(10, '76561198168017360', 'mmar1', '2016-07-21 13:54:50', 9015.41, 10602, 0.00144196),
	(11, '76561198168017360', 'mmar1', '2016-07-24 20:24:59', 12882.4, 7317.75, 0.87069),
	(12, '76561198168017360', 'mmar1', '2016-07-24 20:27:37', 11336, 6257.13, 0.00115967);
/*!40000 ALTER TABLE `player_history` ENABLE KEYS */;


-- Dumping structure for table exile.territory
CREATE TABLE IF NOT EXISTS `territory` (
  `id` int(11) unsigned NOT NULL AUTO_INCREMENT,
  `owner_uid` varchar(32) NOT NULL,
  `name` varchar(64) NOT NULL,
  `position_x` double NOT NULL,
  `position_y` double NOT NULL,
  `position_z` double NOT NULL,
  `radius` double NOT NULL,
  `level` int(11) NOT NULL,
  `flag_texture` varchar(255) NOT NULL,
  `flag_stolen` tinyint(1) NOT NULL DEFAULT '0',
  `flag_stolen_by_uid` varchar(32) DEFAULT NULL,
  `flag_stolen_at` datetime DEFAULT NULL,
  `created_at` datetime NOT NULL DEFAULT CURRENT_TIMESTAMP,
  `last_paid_at` datetime DEFAULT CURRENT_TIMESTAMP,
  `xm8_protectionmoney_notified` tinyint(1) NOT NULL DEFAULT '0',
  `build_rights` varchar(640) NOT NULL DEFAULT '0',
  `moderators` varchar(320) NOT NULL DEFAULT '0',
  `deleted_at` datetime DEFAULT NULL,
  PRIMARY KEY (`id`),
  KEY `owner_uid` (`owner_uid`),
  KEY `flag_stolen_by_uid` (`flag_stolen_by_uid`),
  CONSTRAINT `territory_ibfk_1` FOREIGN KEY (`owner_uid`) REFERENCES `account` (`uid`) ON DELETE CASCADE,
  CONSTRAINT `territory_ibfk_2` FOREIGN KEY (`flag_stolen_by_uid`) REFERENCES `account` (`uid`) ON DELETE SET NULL
) ENGINE=InnoDB AUTO_INCREMENT=6 DEFAULT CHARSET=utf8;

-- Dumping data for table exile.territory: ~5 rows (approximately)
/*!40000 ALTER TABLE `territory` DISABLE KEYS */;
INSERT INTO `territory` (`id`, `owner_uid`, `name`, `position_x`, `position_y`, `position_z`, `radius`, `level`, `flag_texture`, `flag_stolen`, `flag_stolen_by_uid`, `flag_stolen_at`, `created_at`, `last_paid_at`, `xm8_protectionmoney_notified`, `build_rights`, `moderators`, `deleted_at`) VALUES
	(1, '76561198125788747', 'Pulse Night club', 10033.296875, 11800.969727, 0.00210571, 15, 1, '\\A3\\Data_F\\Flags\\flag_uk_co.paa', 0, NULL, NULL, '2016-07-17 18:32:44', '2016-07-17 18:32:44', 0, '["76561198125788747"]', '["76561198125788747"]', '2016-07-31 03:13:06'),
	(2, '76561198073151610', 'The Staff', 8352.635742, 11298.211914, 0.178635, 75, 5, '\\A3\\Data_F\\Flags\\flag_us_co.paa', 0, NULL, NULL, '2016-07-17 19:33:18', '2016-07-17 19:53:07', 0, '["76561198073151610","76561198079614468"]', '["76561198073151610"]', '2016-07-31 03:13:06'),
	(3, '76561198045613562', 'MOSS', 11068.0761719, 8473.311523, 0.632904, 15, 1, '\\A3\\Data_F\\Flags\\flag_uk_co.paa', 0, NULL, NULL, '2016-07-17 20:29:15', '2016-07-17 20:29:15', 0, '["76561198045613562"]', '["76561198045613562"]', '2016-07-31 03:13:06'),
	(4, '76561198045613562', 'Base 856', 10907.691406, 7848.529785, 5.0214081, 15, 1, '\\A3\\Data_F\\Flags\\flag_uk_co.paa', 0, NULL, NULL, '2016-07-17 21:43:01', '2016-07-17 21:43:01', 0, '["76561198045613562"]', '["76561198045613562"]', '2016-07-31 03:13:06'),
	(5, '76561198125788747', 'Leave me alone', 8881.168945, 11955.131836, 0.0337524, 90, 6, '\\A3\\Data_F\\Flags\\flag_uk_co.paa', 0, NULL, NULL, '2016-07-17 22:05:27', '2016-07-17 22:05:27', 0, '["76561198125788747"]', '["76561198125788747"]', '2016-07-31 03:13:06');
/*!40000 ALTER TABLE `territory` ENABLE KEYS */;


-- Dumping structure for table exile.vehicle
CREATE TABLE IF NOT EXISTS `vehicle` (
  `id` int(11) unsigned NOT NULL AUTO_INCREMENT,
  `class` varchar(64) NOT NULL,
  `spawned_at` datetime NOT NULL DEFAULT CURRENT_TIMESTAMP,
  `account_uid` varchar(32) DEFAULT NULL,
  `is_locked` tinyint(1) NOT NULL DEFAULT '0',
  `fuel` double unsigned NOT NULL DEFAULT '0',
  `damage` double unsigned NOT NULL DEFAULT '0',
  `hitpoints` text NOT NULL,
  `position_x` double NOT NULL DEFAULT '0',
  `position_y` double NOT NULL DEFAULT '0',
  `position_z` double NOT NULL DEFAULT '0',
  `direction_x` double NOT NULL DEFAULT '0',
  `direction_y` double NOT NULL DEFAULT '0',
  `direction_z` double NOT NULL DEFAULT '0',
  `up_x` double NOT NULL DEFAULT '0',
  `up_y` double NOT NULL DEFAULT '0',
  `up_z` double NOT NULL DEFAULT '1',
  `cargo_items` text NOT NULL,
  `cargo_magazines` text NOT NULL,
  `cargo_weapons` text NOT NULL,
  `cargo_container` text NOT NULL,
  `last_updated_at` datetime NOT NULL DEFAULT CURRENT_TIMESTAMP ON UPDATE CURRENT_TIMESTAMP,
  `pin_code` varchar(6) NOT NULL DEFAULT '000000',
  `deleted_at` datetime DEFAULT NULL,
  `money` int(11) unsigned NOT NULL DEFAULT '0',
  `vehicle_texture` text NOT NULL,
  PRIMARY KEY (`id`),
  KEY `account_uid` (`account_uid`),
  CONSTRAINT `vehicle_ibfk_1` FOREIGN KEY (`account_uid`) REFERENCES `account` (`uid`) ON DELETE CASCADE
) ENGINE=InnoDB AUTO_INCREMENT=10 DEFAULT CHARSET=utf8;

-- Dumping data for table exile.vehicle: ~8 rows (approximately)
/*!40000 ALTER TABLE `vehicle` DISABLE KEYS */;
INSERT INTO `vehicle` (`id`, `class`, `spawned_at`, `account_uid`, `is_locked`, `fuel`, `damage`, `hitpoints`, `position_x`, `position_y`, `position_z`, `direction_x`, `direction_y`, `direction_z`, `up_x`, `up_y`, `up_z`, `cargo_items`, `cargo_magazines`, `cargo_weapons`, `cargo_container`, `last_updated_at`, `pin_code`, `deleted_at`, `money`, `vehicle_texture`) VALUES
	(1, 'Exile_Car_Strider', '2016-07-17 18:14:59', '76561198073151610', 0, 0.957358, 0.015748, '[["HitLFWheel",0.023622],["HitLF2Wheel",0.46063],["HitRFWheel",0.023622],["HitRF2Wheel",0.374016],["HitFuel",0],["HitEngine",0],["HitBody",0.0433071],["HitGlass1",0],["HitGlass2",0],["HitGlass3",0],["HitGlass4",0.0433071],["HitGlass5",0.0511811],["HitRGlass",0],["HitLGlass",0],["HitGlass6",0],["HitLBWheel",0],["HitLMWheel",0],["HitRBWheel",0],["HitRMWheel",0],["HitGlass7",0],["HitGlass8",0],["",0],["",0],["",0],["",0],["HitTurret",0.149606],["HitGun",0.149606]]', 8355.960938, 11290.776367, 0.125275, 0.963717, 0.261035, -0.0557749, 0.150174, -0.357474, 0.92177, '[[],[]]', '[]', '[]', '[]', '2016-07-31 03:13:06', '1998', '2016-07-31 03:13:06', 0, ''),
	(2, 'Exile_Car_ProwlerLight', '2016-07-17 18:16:27', '76561198125788747', 0, 0.878631, 0.262547, '[["HitLFWheel",1],["HitLF2Wheel",1],["HitRFWheel",1],["HitRF2Wheel",1],["HitFuel",0.847342],["HitEngine",1],["HitBody",1],["HitGlass1",0],["HitRGlass",0],["HitLGlass",0],["HitGlass2",0],["HitGlass3",0],["HitGlass4",0],["HitGlass5",0],["HitGlass6",0],["HitLBWheel",0],["HitLMWheel",0],["HitRBWheel",0],["HitRMWheel",0],["HitGlass7",0],["HitGlass8",0],["",1],["",1],["HitTurret",0],["HitGun",0],["HitTurret",0],["HitGun",0],["HitTurret",0],["HitGun",0],["HitTurret",0],["HitGun",0],["HitTurret",0],["HitGun",0],["HitTurret",0],["HitGun",0]]', 7511.347168, 9666.205078, -0.145889, 0.81348, 0.580699, -0.0322318, 0.106784, -0.094652, 0.989767, '[[],[]]', '[]', '[]', '[]', '2016-07-31 03:13:06', '5225', '2016-07-31 03:13:06', 0, ''),
	(3, 'Exile_Car_LandRover_Green', '2016-07-17 19:53:59', '76561198073151610', 0, 0.933243, 0, '[["HitEngine",0.0314961],["HitFuel",0],["HitLFWheel",0.476378],["HitLBWheel",0.015748],["HitRFWheel",0.476378],["HitRBWheel",0.015748],["HitRGlass",0],["HitLGlass",0],["HitGlass1",0.507874],["HitGlass2",0.240157],["HitGlass3",0.283465],["HitGlass4",0],["HitGlass5",0],["HitGlass6",0],["HitBody",0.0314961],["HitLMWheel",0],["HitLF2Wheel",0.0354331],["HitRMWheel",0],["HitRF2Wheel",0.0393701],["HitGlass7",0],["HitGlass8",0],["",0.149606],["",0.149606],["",0.149606],["",0.149606],["HitTurret",0],["HitGun",0],["HitTurret",0],["HitGun",0]]', 8357.956055, 11286.568359, 0.32547, 0.891541, 0.449385, 0.0566406, 0.149108, -0.409272, 0.900147, '[[],[]]', '[]', '[]', '[]', '2016-07-31 03:13:06', '1998', '2016-07-31 03:13:06', 0, ''),
	(4, 'Exile_Car_Tractor_Red', '2016-07-17 21:20:20', '76561198045613562', -1, 0.950753, 0, '[["HitLFWheel",0],["HitLF2Wheel",0],["HitRFWheel",0],["HitRF2Wheel",0],["HitFuel",0.417323],["HitEngine",0],["HitGlass1",0.0275591],["HitGlass2",0],["HitGlass3",0.0275591],["HitGlass4",0],["HitGlass5",0],["HitRGlass",0],["HitLGlass",0],["HitGlass6",0],["HitBody",0.0354331],["HitLBWheel",0],["HitLMWheel",0],["HitRBWheel",0],["HitRMWheel",0],["HitGlass7",0],["HitGlass8",0],["",0.145669],["",0.145669]]', 12850.725586, 7418.164551, 0.0900998, 0.634583, -0.772826, -0.00665283, 0.0358113, 0.0208043, 0.999142, '[[],[]]', '[["30Rnd_9x21_Mag_SMG_02",30],["30Rnd_9x21_Mag_SMG_02",30],["Exile_Magazine_6Rnd_45ACP",6],["Exile_Magazine_6Rnd_45ACP",6],["Exile_Magazine_6Rnd_45ACP",6],["Exile_Magazine_6Rnd_45ACP",6]]', '[["srifle_GM6_F","","","optic_KHS_blk",["5Rnd_127x108_APDS_Mag",5],""],["SMG_05_F","","","",[],""],["Exile_Weapon_Taurus","","","",[],""]]', '[]', '2016-07-31 03:13:06', '1997', '2016-07-31 03:13:06', 0, ''),
	(5, 'Exile_Car_ProwlerLight', '2016-07-17 21:59:57', '76561198125788747', -1, 0.92306, 0, '[["HitLFWheel",0],["HitLF2Wheel",0],["HitRFWheel",0],["HitRF2Wheel",0],["HitFuel",0],["HitEngine",0],["HitBody",0],["HitGlass1",0],["HitRGlass",0],["HitLGlass",0],["HitGlass2",0],["HitGlass3",0],["HitGlass4",0],["HitGlass5",0],["HitGlass6",0],["HitLBWheel",0],["HitLMWheel",0],["HitRBWheel",0],["HitRMWheel",0],["HitGlass7",0],["HitGlass8",0],["",0],["",0],["HitTurret",0],["HitGun",0],["HitTurret",0],["HitGun",0],["HitTurret",0],["HitGun",0],["HitTurret",0],["HitGun",0],["HitTurret",0],["HitGun",0],["HitTurret",0],["HitGun",0]]', 8878.915039, 11885.878906, -0.0567169, -0.867981, -0.496573, -0.00488281, 0.0161479, -0.0380502, 0.999145, '[[],[]]', '[["Exile_Item_DuctTape",1],["Exile_Item_EMRE",1],["Exile_Item_EMRE",1],["Exile_Item_EMRE",1],["Exile_Item_PlasticBottleFreshWater",1],["Exile_Item_PlasticBottleFreshWater",1],["Exile_Item_PlasticBottleFreshWater",1],["Exile_Item_PlasticBottleEmpty",1]]', '[]', '[]', '2016-07-31 03:13:06', '5225', '2016-07-31 03:13:06', 0, ''),
	(7, 'Exile_Bike_QuadBike_Black', '2016-07-21 13:21:51', '76561198168017360', -1, 0.969715, 0, '[["HitEngine",0],["HitFuel",0],["HitLFWheel",0],["HitLF2Wheel",0],["HitRFWheel",0],["HitRF2Wheel",0],["HitRGlass",0],["HitLGlass",0],["HitGlass1",0],["HitGlass2",0],["HitGlass3",0],["HitGlass4",0],["HitGlass5",0],["HitGlass6",0],["HitBody",0],["HitLBWheel",0],["HitLMWheel",0],["HitRBWheel",0],["HitRMWheel",0],["HitGlass7",0],["HitGlass8",0],["",0],["",0]]', 9136.137695, 10570.481445, 0.437855, -0.973694, 0.0930217, -0.208008, -0.205837, 0.0324606, 0.978048, '[[],[]]', '[]', '[]', '[]', '2016-07-31 03:13:06', '9977', '2016-07-31 03:13:06', 0, ''),
	(8, 'Exile_Bike_QuadBike_Black', '2016-07-22 20:11:08', '76561198168017360', -1, 0.82445, 0, '[["HitEngine",0],["HitFuel",0],["HitLFWheel",0],["HitLF2Wheel",0],["HitRFWheel",0],["HitRF2Wheel",0],["HitRGlass",0],["HitLGlass",0],["HitGlass1",0],["HitGlass2",0],["HitGlass3",0],["HitGlass4",0],["HitGlass5",0],["HitGlass6",0],["HitBody",0],["HitLBWheel",0],["HitLMWheel",0],["HitRBWheel",0],["HitRMWheel",0],["HitGlass7",0],["HitGlass8",0],["",0],["",0]]', 7645.971191, 12658.40625, 0.275543, 0.943481, -0.316198, -0.0993042, 0.0582624, -0.136724, 0.988894, '[[],[]]', '[["Exile_Item_Sand",1],["Exile_Item_FuelCanisterFull",18],["Exile_Item_CanOpener",1],["Exile_Magazine_Swing",999],["Exile_Magazine_Boing",999],["Exile_Item_FuelCanisterFull",20],["Exile_Item_PlasticBottleFreshWater",1]]', '[["Exile_Melee_Shovel","","","",[],""]]', '[]', '2016-07-31 03:13:06', '9977', '2016-07-31 03:13:06', 0, ''),
	(9, 'Exile_Bike_QuadBike_Black', '2016-07-31 11:35:01', '76561198087703376', 0, 0.994424, 0, '[["HitEngine",0],["HitFuel",0],["HitLFWheel",0],["HitLF2Wheel",0],["HitRFWheel",0],["HitRF2Wheel",0],["HitRGlass",0],["HitLGlass",0],["HitGlass1",0],["HitGlass2",0],["HitGlass3",0],["HitGlass4",0],["HitGlass5",0],["HitGlass6",0],["HitBody",0],["HitLBWheel",0],["HitLMWheel",0],["HitRBWheel",0],["HitRMWheel",0],["HitGlass7",0],["HitGlass8",0],["",0],["",0]]', 14357.822266, 8709.44043, 0.0554733, -0.343791, -0.93694, 0.0628607, 0.0841812, 0.0359213, 0.995803, '[["ItemGPS","optic_Holosight_smg_blk_F","muzzle_snds_L"],[1,1,1]]', '[["Exile_Item_Screwdriver",1],["Exile_Item_Screwdriver",1],["Exile_Item_DogFood",1],["Exile_Item_GloriousKnakworst",1],["Exile_Item_CatFood",1],["Exile_Item_Raisins",1],["Exile_Item_MacasCheese",1],["Exile_Item_Surstromming",1],["Exile_Item_Cheathas",1],["30Rnd_9x21_Red_Mag",30],["30Rnd_9x21_Red_Mag",30],["6Rnd_45ACP_Cylinder",6],["Exile_Item_SausageGravy",1],["Exile_Item_ChristmasTinner",1],["6Rnd_RedSignal_F",6],["6Rnd_RedSignal_F",6]]', '[["Exile_Weapon_M1014","","","",[],""],["hgun_Pistol_Signal_F","","","",[],""],["Exile_Weapon_Colt1911","","","",[],""],["Exile_Weapon_M1014","","","",["Exile_Magazine_8Rnd_74Pellets",8],""],["SMG_05_F","","","",[],""]]', '[["V_Rangemaster_belt",[],[],[[],[]]]]', '2016-07-31 12:01:35', '8387', NULL, 0, '');
/*!40000 ALTER TABLE `vehicle` ENABLE KEYS */;
/*!40101 SET SQL_MODE=IFNULL(@OLD_SQL_MODE, '') */;
/*!40014 SET FOREIGN_KEY_CHECKS=IF(@OLD_FOREIGN_KEY_CHECKS IS NULL, 1, @OLD_FOREIGN_KEY_CHECKS) */;
/*!40101 SET CHARACTER_SET_CLIENT=@OLD_CHARACTER_SET_CLIENT */;
